"Time (s)","Magnetic Field x (µT)","Magnetic Field y (µT)","Magnetic Field z (µT)","Absolute field (µT)"
9.957208327E-3,2.245933533E0,-2.554068375E1,-4.834379196E1,5.472196054E1
2.000520834E-2,2.174110413E0,-2.561682510E1,-4.829323196E1,5.471000583E1
3.005220833E-2,2.044830322E0,-2.554527664E1,-4.832051849E1,5.469565794E1
4.009920833E-2,1.676181793E0,-2.533920288E1,-4.840959549E1,5.466601982E1
5.014720833E-2,1.562801361E0,-2.521588898E1,-4.860854340E1,5.478205816E1
6.019420833E-2,1.666172028E0,-2.526339340E1,-4.867707825E1,5.486777854E1
7.024120833E-2,1.415290833E0,-2.540373611E1,-4.841143417E1,5.469021682E1
8.028920833E-2,1.175457001E0,-2.532123184E1,-4.843155289E1,5.466408141E1
9.033620833E-2,8.734397888E-1,-2.512279129E1,-4.855262756E1,5.467426435E1
1.003832083E-1,5.208396912E-1,-2.488127518E1,-4.867908478E1,5.467176989E1
1.104312083E-1,2.814064026E-1,-2.485112381E1,-4.883262253E1,5.479308868E1
1.204782083E-1,-7.929992676E-2,-2.462016296E1,-4.879126358E1,5.465113095E1
1.305252083E-1,-3.109550476E-1,-2.457034683E1,-4.878646469E1,5.462524850E1
1.405732083E-1,-5.253868103E-1,-2.466470337E1,-4.882479095E1,5.470359984E1
1.506202083E-1,-7.888870239E-1,-2.459994125E1,-4.876123047E1,5.462084812E1
1.606672083E-1,-9.323005676E-1,-2.450708389E1,-4.882935333E1,5.464221895E1
1.707152083E-1,-1.239707947E0,-2.431137085E1,-4.893108368E1,5.465190370E1
1.807622083E-1,-1.652595520E0,-2.399162292E1,-4.918283081E1,5.474741902E1
1.908092083E-1,-1.851932526E0,-2.414832306E1,-4.935130692E1,5.497383609E1
2.008572083E-1,-1.913425446E0,-2.419725800E1,-4.939706039E1,5.503851440E1
2.109042083E-1,-2.162193298E0,-2.398577118E1,-4.922611618E1,5.480148550E1
2.209512083E-1,-2.207580566E0,-2.385627365E1,-4.940465927E1,5.490733614E1
2.309982083E-1,-2.437892914E0,-2.339413071E1,-4.968207932E1,5.496851534E1
2.410462083E-1,-2.834598541E0,-2.305293655E1,-4.994143295E1,5.507830388E1
2.510932083E-1,-3.040496826E0,-2.273075104E1,-4.989302063E1,5.491124813E1
2.611402083E-1,-3.441207886E0,-2.233856964E1,-5.003561401E1,5.490370001E1
2.711882083E-1,-4.028308868E0,-2.169302750E1,-5.037715149E1,5.499701907E1
2.812352083E-1,-4.370452881E0,-2.134461212E1,-5.035447693E1,5.486589717E1
2.912822083E-1,-4.887439728E0,-2.098799515E1,-5.060608673E1,5.500326374E1
3.013302083E-1,-5.492252350E0,-2.063014984E1,-5.079003525E1,5.509442439E1
3.113772083E-1,-6.122150421E0,-2.012735748E1,-5.088103104E1,5.505879189E1
3.214242083E-1,-6.240482330E0,-2.008373642E1,-5.095866013E1,5.512789793E1
3.314722083E-1,-6.398189545E0,-1.990039825E1,-5.105041885E1,5.516437206E1
3.415192083E-1,-6.354358673E0,-1.984704971E1,-5.099699020E1,5.509061868E1
3.515662083E-1,-6.528678894E0,-1.948329544E1,-5.097664261E1,5.496217373E1
3.616142083E-1,-6.515010834E0,-1.931324768E1,-5.099898148E1,5.492124374E1
3.716612083E-1,-6.569774628E0,-1.932033539E1,-5.109490585E1,5.501933026E1
3.817082083E-1,-6.664196014E0,-1.924209976E1,-5.115474701E1,5.505885990E1
3.917562083E-1,-6.643016815E0,-1.931830597E1,-5.114838409E1,5.507707158E1
4.018032083E-1,-6.645011902E0,-1.920023727E1,-5.110364151E1,5.499443126E1
4.118502083E-1,-6.582355499E0,-1.923574066E1,-5.121101761E1,5.509908754E1
4.218982083E-1,-6.569335938E0,-1.911965942E1,-5.103922653E1,5.489736056E1
4.319452083E-1,-6.562496185E0,-1.911050415E1,-5.122146988E1,5.506284320E1
4.419922083E-1,-6.624462128E0,-1.899656677E1,-5.121755600E1,5.502718501E1
4.520402083E-1,-6.808425903E0,-1.873165131E1,-5.115749741E1,5.490281381E1
4.620872083E-1,-7.137023926E0,-1.847068024E1,-5.121713257E1,5.491172741E1
4.721342083E-1,-7.603511810E0,-1.815186691E1,-5.112793350E1,5.478475380E1
4.821812083E-1,-8.328735352E0,-1.773403168E1,-5.110118484E1,5.472837294E1
4.922292083E-1,-9.056377411E0,-1.703890991E1,-5.112666702E1,5.464685264E1
5.022762083E-1,-9.567317963E0,-1.649549484E1,-5.102348328E1,5.447045776E1
5.123232083E-1,-1.020603180E1,-1.594935131E1,-5.110922623E1,5.450410900E1
5.223712083E-1,-1.085057831E1,-1.514765453E1,-5.148435974E1,5.475240438E1
5.324182083E-1,-1.133767319E1,-1.457457256E1,-5.172646332E1,5.492347409E1
5.424652083E-1,-1.175932312E1,-1.414157009E1,-5.158864212E1,5.476909421E1
5.525132083E-1,-1.222678375E1,-1.369404125E1,-5.186050034E1,5.501393007E1
5.625602083E-1,-1.231427383E1,-1.331773090E1,-5.177329254E1,5.485870138E1
5.726072083E-1,-1.256806183E1,-1.309881687E1,-5.184363937E1,5.492993833E1
5.826552083E-1,-1.276996231E1,-1.277513790E1,-5.202954865E1,5.507585694E1
5.927022083E-1,-1.269818115E1,-1.238807774E1,-5.200503540E1,5.494753845E1
6.027492083E-1,-1.280354691E1,-1.225544071E1,-5.210108185E1,5.503316609E1
6.127972083E-1,-1.273593521E1,-1.219656849E1,-5.205051041E1,5.495649154E1
6.228442083E-1,-1.270495987E1,-1.213707638E1,-5.203238297E1,5.491897218E1
6.328912083E-1,-1.258347702E1,-1.221952343E1,-5.205514908E1,5.493085829E1
6.429382083E-1,-1.251551056E1,-1.252896595E1,-5.207238007E1,5.500132506E1
6.529856250E-1,-1.217820740E1,-1.272637081E1,-5.206996918E1,5.496863596E1
6.630326250E-1,-1.181798553E1,-1.296782017E1,-5.232850647E1,5.519150054E1
6.730796250E-1,-1.139764404E1,-1.320593357E1,-5.226928329E1,5.510336603E1
6.831276250E-1,-1.097921753E1,-1.343480015E1,-5.232522964E1,5.512682405E1
6.931746250E-1,-1.050746536E1,-1.370513821E1,-5.243849945E1,5.520900168E1
7.032216250E-1,-1.014847565E1,-1.383505344E1,-5.237688065E1,5.511567733E1
7.132696250E-1,-9.642040253E0,-1.423317242E1,-5.255356216E1,5.529402349E1
7.233166250E-1,-9.369312286E0,-1.423053265E1,-5.243944168E1,5.513789183E1
7.333636250E-1,-9.299037933E0,-1.432779598E1,-5.242996216E1,5.514216877E1
7.434116250E-1,-9.397617340E0,-1.409902859E1,-5.252324677E1,5.518866976E1
7.534586250E-1,-9.505470276E0,-1.390837383E1,-5.254748154E1,5.518183255E1
7.635056250E-1,-9.584522247E0,-1.364358616E1,-5.258557892E1,5.516569242E1
7.735536250E-1,-9.623657227E0,-1.405671597E1,-5.247232819E1,5.516839011E1
7.836006250E-1,-9.551410675E0,-1.399778461E1,-5.262228394E1,5.528356163E1
7.936476250E-1,-9.615554810E0,-1.365657711E1,-5.260468292E1,5.519251451E1
8.036956250E-1,-9.604721069E0,-1.352975368E1,-5.277009583E1,5.531715751E1
8.137426250E-1,-9.448616028E0,-1.330183125E1,-5.277651215E1,5.524106528E1
8.237896250E-1,-9.347797394E0,-1.326220036E1,-5.277148438E1,5.520957197E1
8.338366250E-1,-9.471694946E0,-1.316459751E1,-5.290132904E1,5.533145802E1
8.438846250E-1,-9.485214233E0,-1.308781719E1,-5.283266830E1,5.524989672E1
8.539316250E-1,-9.789424896E0,-1.309171581E1,-5.273945618E1,5.521481776E1
8.639786250E-1,-9.787425995E0,-1.315195751E1,-5.279654312E1,5.528329458E1
8.740266250E-1,-9.715652466E0,-1.315669155E1,-5.265906143E1,5.514044964E1
8.840736250E-1,-9.550521851E0,-1.336554050E1,-5.267098618E1,5.517320840E1
8.941206250E-1,-9.246059418E0,-1.345694256E1,-5.280403137E1,5.527064905E1
9.041686250E-1,-9.184818268E0,-1.362439442E1,-5.279251099E1,5.529045330E1
9.142156250E-1,-9.124717712E0,-1.364813709E1,-5.273554993E1,5.523196851E1
9.242626250E-1,-9.039344788E0,-1.373041058E1,-5.284362793E1,5.534151192E1
9.343096250E-1,-8.915599823E0,-1.412751484E1,-5.273552322E1,5.531826105E1
9.443576250E-1,-9.066085815E0,-1.402913380E1,-5.245554352E1,5.505083608E1
9.544046250E-1,-9.049934387E0,-1.421691036E1,-5.238215637E1,5.502646780E1
9.644516250E-1,-9.097362518E0,-1.452550411E1,-5.224184036E1,5.498147105E1
9.744996250E-1,-9.265335083E0,-1.472008038E1,-5.202597046E1,5.485643812E1
9.845466250E-1,-9.173080444E0,-1.480720234E1,-5.214888000E1,5.498094517E1
9.945936250E-1,-8.968235016E0,-1.523158932E1,-5.220591354E1,5.511703876E1
1.004641625E0,-9.084022522E0,-1.517600346E1,-5.206518555E1,5.498739939E1
1.014688625E0,-9.027641296E0,-1.518128490E1,-5.235154343E1,5.525082640E1
1.024735625E0,-9.026813507E0,-1.536037922E1,-5.250690079E1,5.544726542E1
1.034783625E0,-9.001403809E0,-1.534608555E1,-5.245092773E1,5.538616644E1
1.044830625E0,-8.844306946E0,-1.522760677E1,-5.236532211E1,5.524697941E1
1.054877625E0,-8.881484985E0,-1.516256809E1,-5.211071777E1,5.499373740E1
1.064925625E0,-8.996238708E0,-1.509442234E1,-5.249440002E1,5.535734758E1
1.074972625E0,-9.267227173E0,-1.490570927E1,-5.244729614E1,5.530624324E1
1.085019625E0,-9.412689209E0,-1.501438618E1,-5.244768524E1,5.536054730E1
1.095066625E0,-9.616321564E0,-1.509463596E1,-5.230413055E1,5.528149553E1
1.105114625E0,-1.003781128E1,-1.500324917E1,-5.228215790E1,5.531075099E1
1.115161625E0,-1.030513763E1,-1.527888203E1,-5.207282639E1,5.523784342E1
1.125208625E0,-1.055923080E1,-1.550195599E1,-5.175140381E1,5.504557921E1
1.135256625E0,-1.072834015E1,-1.562367153E1,-5.166361618E1,5.503022471E1
1.145303625E0,-1.086420059E1,-1.577777576E1,-5.170671082E1,5.514120969E1
1.155350625E0,-1.092113113E1,-1.583545589E1,-5.153207397E1,5.500533989E1
1.165398625E0,-1.106511688E1,-1.594814014E1,-5.126198959E1,5.481397233E1
1.175445625E0,-1.127174759E1,-1.612037277E1,-5.130345917E1,5.494509655E1
1.185492625E0,-1.139943314E1,-1.609676743E1,-5.131616974E1,5.497637924E1
1.195540625E0,-1.159117508E1,-1.594991970E1,-5.117566299E1,5.484253606E1
1.205587625E0,-1.158539200E1,-1.592313671E1,-5.120201874E1,5.485812896E1
1.215634625E0,-1.145420456E1,-1.583546543E1,-5.131228256E1,5.490820621E1
1.225681625E0,-1.159367371E1,-1.560261822E1,-5.139379120E1,5.494703576E1
1.235729625E0,-1.160938644E1,-1.553372860E1,-5.141808319E1,5.495356091E1
1.245776625E0,-1.157594681E1,-1.544493580E1,-5.127013016E1,5.478297941E1
1.255823625E0,-1.191104889E1,-1.526430798E1,-5.134401321E1,5.487330751E1
1.265871625E0,-1.198983002E1,-1.543009663E1,-5.144791794E1,5.503391832E1
1.275918625E0,-1.200004578E1,-1.531679440E1,-5.156834412E1,5.511714256E1
1.285965625E0,-1.199575043E1,-1.510288334E1,-5.152073669E1,5.501255696E1
1.296013625E0,-1.226787567E1,-1.471317959E1,-5.145652771E1,5.490676344E1
1.306060625E0,-1.232157135E1,-1.460229969E1,-5.144129562E1,5.487490476E1
1.316107625E0,-1.228796005E1,-1.430510044E1,-5.162788391E1,5.496424527E1
1.326154625E0,-1.248480606E1,-1.413374424E1,-5.163149261E1,5.496766448E1
1.336202625E0,-1.276813507E1,-1.370159435E1,-5.173559952E1,5.502118881E1
1.346249625E0,-1.277986908E1,-1.349824810E1,-5.185673904E1,5.508764961E1
1.356296625E0,-1.297995758E1,-1.310092831E1,-5.180757904E1,5.499217096E1
1.366344625E0,-1.306836700E1,-1.298835087E1,-5.169205856E1,5.487757641E1
1.376391625E0,-1.336601257E1,-1.272141933E1,-5.160311508E1,5.480297700E1
1.386438625E0,-1.363842773E1,-1.269873905E1,-5.166790009E1,5.492573699E1
1.396486625E0,-1.379007721E1,-1.258324528E1,-5.157115555E1,5.484604248E1
1.406533625E0,-1.398019028E1,-1.223704243E1,-5.159986877E1,5.484284261E1
1.416580625E0,-1.409534073E1,-1.222880650E1,-5.164822388E1,5.491594821E1
1.426627625E0,-1.422778702E1,-1.202575016E1,-5.167240143E1,5.492800433E1
1.436675625E0,-1.435443878E1,-1.169959927E1,-5.162685013E1,5.484762702E1
1.446722625E0,-1.446222305E1,-1.158881664E1,-5.159611511E1,5.482349552E1
1.456769625E0,-1.465930176E1,-1.137325382E1,-5.165567017E1,5.488674057E1
1.466817625E0,-1.498570633E1,-1.121498013E1,-5.154894257E1,5.484196070E1
1.476864625E0,-1.534709549E1,-1.116427898E1,-5.146584320E1,5.485350929E1
1.486911625E0,-1.575260544E1,-1.085864353E1,-5.118396378E1,5.464295806E1
1.496959625E0,-1.637944412E1,-1.091104221E1,-5.106480026E1,5.472614419E1
1.507006625E0,-1.703190613E1,-1.085699940E1,-5.094648361E1,5.480423756E1
1.517053625E0,-1.757638931E1,-1.043679905E1,-5.068660736E1,5.465334758E1
1.527100625E0,-1.809562302E1,-1.006870365E1,-5.059026718E1,5.466448115E1
1.537148625E0,-1.849943542E1,-1.011704731E1,-5.061384583E1,5.483014815E1
1.547195625E0,-1.899242783E1,-9.859423637E0,-5.055436325E1,5.489685048E1
1.557242625E0,-1.938644791E1,-9.580979347E0,-5.023358536E1,5.469042536E1
1.567290625E0,-1.972000885E1,-9.176806450E0,-5.021689987E1,5.472503594E1
1.577337625E0,-2.002857208E1,-8.810860634E0,-5.028132629E1,5.483599857E1
1.587384625E0,-2.048181534E1,-8.550707817E0,-5.014453506E1,5.483697439E1
1.597432625E0,-2.077046967E1,-8.455597878E0,-5.011975098E1,5.490809579E1
1.607479625E0,-2.101650620E1,-8.221964836E0,-4.991663361E1,5.478106013E1
1.617526625E0,-2.144828415E1,-8.065348625E0,-4.960538864E1,5.464223022E1
1.627573625E0,-2.186234665E1,-7.838477135E0,-4.953414917E1,5.470864519E1
1.637621625E0,-2.210625076E1,-7.432903290E0,-4.942673492E1,5.465287275E1
1.647668625E0,-2.231618881E1,-7.262401581E0,-4.936050034E1,5.465540919E1
1.657715208E0,-2.257781982E1,-6.781569481E0,-4.929323578E1,5.464037634E1
1.667763208E0,-2.261978531E1,-6.324073792E0,-4.940896988E1,5.470735692E1
1.677810208E0,-2.263331223E1,-6.004298210E0,-4.924499512E1,5.452878106E1
1.687857208E0,-2.254361343E1,-5.658540726E0,-4.945125961E1,5.464119936E1
1.697905208E0,-2.231143188E1,-5.862333298E0,-4.936228180E1,5.448671222E1
1.707952208E0,-2.243091202E1,-5.681634903E0,-4.972012329E1,5.484083742E1
1.717999208E0,-2.226099777E1,-5.521209717E0,-4.968740463E1,5.472544159E1
1.728046208E0,-2.212826920E1,-5.568468094E0,-4.967126083E1,5.466170769E1
1.738094208E0,-2.231666946E1,-5.263291359E0,-4.958100891E1,5.462611479E1
1.748141208E0,-2.241286469E1,-5.036666870E0,-4.976190567E1,5.480831846E1
1.758188208E0,-2.244263077E1,-5.104228973E0,-4.971572495E1,5.478483491E1
1.768236208E0,-2.229632568E1,-5.105599403E0,-4.977529526E1,5.477931455E1
1.778283208E0,-2.225521088E1,-4.807524681E0,-4.976227188E1,5.472376456E1
1.788330208E0,-2.236236191E1,-4.502820015E0,-4.978948975E1,5.476626614E1
1.798378208E0,-2.227809906E1,-4.231650352E0,-4.984340286E1,5.475934049E1
1.808425208E0,-2.229866409E1,-3.987065315E0,-4.989064026E1,5.479236348E1
1.818472208E0,-2.234585571E1,-4.058216095E0,-4.998345566E1,5.490129529E1
1.828519208E0,-2.218493652E1,-3.874129295E0,-4.989335632E1,5.474054523E1
1.838567208E0,-2.221856308E1,-3.601495743E0,-4.980342865E1,5.465360759E1
1.848614208E0,-2.206775665E1,-3.735988617E0,-5.007868958E1,5.485269952E1
1.858661208E0,-2.203554535E1,-3.569733620E0,-4.999884796E1,5.475575819E1
1.868709208E0,-2.193737793E1,-3.182524681E0,-5.016160965E1,5.484126272E1
1.878756208E0,-2.193334579E1,-3.098922729E0,-5.052781296E1,5.517005403E1
1.888803208E0,-2.198759460E1,-2.726330757E0,-5.043072510E1,5.508307571E1
1.898850208E0,-2.184916306E1,-2.445173264E0,-5.025500870E1,5.485372091E1
1.908898208E0,-2.171406555E1,-2.350132942E0,-5.026660538E1,5.480652684E1
1.918945208E0,-2.155670547E1,-2.335603714E0,-5.024899292E1,5.472757883E1
1.928992208E0,-2.151990891E1,-2.194603920E0,-5.044042206E1,5.488313897E1
1.939040208E0,-2.133224869E1,-2.145031929E0,-5.050658798E1,5.486876548E1
1.949087208E0,-2.139030457E1,-1.778532982E0,-5.059070587E1,5.495568969E1
1.959134208E0,-2.127315903E1,-1.573589325E0,-5.055297089E1,5.486917480E1
1.969182208E0,-2.110659027E1,-1.562592506E0,-5.050757217E1,5.476262133E1
1.979229208E0,-2.106362534E1,-1.382241249E0,-5.049946594E1,5.473374611E1
1.989276208E0,-2.094334030E1,-1.358343124E0,-5.046672440E1,5.465673673E1
1.999323208E0,-2.105364227E1,-1.016137123E0,-5.077251816E1,5.497396645E1
2.009371208E0,-2.103641510E1,-9.837360382E-1,-5.076179886E1,5.495688055E1
2.019418208E0,-2.102569580E1,-8.137760162E-1,-5.068589401E1,5.487988673E1
2.029465208E0,-2.097254181E1,-7.611789703E-1,-5.074591064E1,5.491424542E1
2.039513208E0,-2.082753372E1,-3.141870499E-1,-5.092464447E1,5.502003534E1
2.049560208E0,-2.084340668E1,-6.313848495E-2,-5.093961334E1,5.503903883E1
2.059607208E0,-2.080717468E1,1.460285187E-1,-5.110022354E1,5.517420311E1
2.069654208E0,-2.061503601E1,2.802906036E-1,-5.105018997E1,5.505615469E1
2.079702208E0,-2.045621490E1,3.485760689E-1,-5.126095200E1,5.519296543E1
2.089749208E0,-2.040959167E1,3.121867180E-1,-5.095489120E1,5.489125459E1
2.099796208E0,-2.021680069E1,3.351345062E-1,-5.116678238E1,5.501700614E1
2.109844208E0,-2.006047440E1,4.335017204E-1,-5.111749268E1,5.491455740E1
2.119891208E0,-1.993251801E1,7.665891647E-1,-5.131574631E1,5.505632345E1
2.129938208E0,-1.971164322E1,9.629077911E-1,-5.140355301E1,5.506179557E1
2.139986208E0,-1.951702499E1,1.396540642E0,-5.140316391E1,5.500136226E1
2.150033208E0,-1.926573563E1,1.984606743E0,-5.164308548E1,5.515537608E1
2.160080208E0,-1.925004196E1,2.876426697E0,-5.166793442E1,5.521243875E1
2.170127208E0,-1.924437332E1,3.753463268E0,-5.140579605E1,5.501809029E1
2.180175208E0,-1.941228485E1,5.016484261E0,-5.142325592E1,5.519377834E1
2.190222208E0,-1.967708588E1,6.238501072E0,-5.112850571E1,5.513828706E1
2.200269208E0,-1.976688004E1,7.499956131E0,-5.088501358E1,5.510230027E1
2.210317208E0,-2.001176071E1,8.658028603E0,-5.053945160E1,5.504242177E1
2.220364208E0,-2.015953827E1,9.704895020E0,-5.014334488E1,5.490853309E1
2.230411208E0,-2.035051346E1,1.099547863E1,-4.973258209E1,5.484864328E1
2.240458208E0,-2.032497406E1,1.187992477E1,-4.958911514E1,5.489369293E1
2.250506208E0,-2.018824005E1,1.302657318E1,-4.937588882E1,5.491115590E1
2.260553208E0,-1.993436813E1,1.389422226E1,-4.939734268E1,5.505021262E1
2.270600208E0,-1.987455750E1,1.478505325E1,-4.931244278E1,5.518435329E1
2.280648208E0,-1.971074677E1,1.548888874E1,-4.917023468E1,5.519176742E1
2.290695208E0,-1.959624863E1,1.592311478E1,-4.907544327E1,5.519019547E1
2.300742208E0,-1.956089020E1,1.618077087E1,-4.875764084E1,5.497047673E1
2.310789208E0,-1.963112259E1,1.643267441E1,-4.878684235E1,5.509600483E1
2.320837208E0,-1.958563995E1,1.644639587E1,-4.903252029E1,5.530162092E1
2.330884208E0,-1.940441132E1,1.609133911E1,-4.905372620E1,5.515188507E1
2.340931208E0,-1.929270935E1,1.582962418E1,-4.907001114E1,5.505135447E1
2.350979208E0,-1.928068542E1,1.573509598E1,-4.925650406E1,5.518642286E1
2.361026208E0,-1.917360687E1,1.553987885E1,-4.929646301E1,5.512945039E1
2.371073208E0,-1.898037338E1,1.517790699E1,-4.946277618E1,5.511070370E1
2.381121208E0,-1.895078659E1,1.488614845E1,-4.979438400E1,5.531916853E1
2.391168208E0,-1.878992462E1,1.467587471E1,-4.970146561E1,5.512420747E1
2.401215208E0,-1.850086975E1,1.460194683E1,-4.996356583E1,5.524361450E1
2.411262208E0,-1.810771561E1,1.440858650E1,-5.027897644E1,5.534864227E1
2.421310208E0,-1.760570145E1,1.430459595E1,-5.027571106E1,5.515640771E1
2.431357208E0,-1.713272476E1,1.417439747E1,-5.073446274E1,5.539340674E1
2.441404208E0,-1.674238205E1,1.416281986E1,-5.071001053E1,5.524851121E1
2.451452208E0,-1.639907074E1,1.401923180E1,-5.094455719E1,5.532464450E1
2.461499208E0,-1.609436035E1,1.374745941E1,-5.116124344E1,5.536690262E1
2.471546208E0,-1.589089203E1,1.364637947E1,-5.109599304E1,5.522268218E1
2.481593208E0,-1.583684540E1,1.349844170E1,-5.129010010E1,5.535059140E1
2.491641208E0,-1.547274399E1,1.325614834E1,-5.144888306E1,5.533641516E1
2.501688208E0,-1.538066483E1,1.320023346E1,-5.167481995E1,5.550763939E1
2.511735208E0,-1.510113144E1,1.277923870E1,-5.186367416E1,5.550850214E1
2.521783208E0,-1.501033020E1,1.250018787E1,-5.193306732E1,5.548520696E1
2.531830208E0,-1.446526718E1,1.226086998E1,-5.211733246E1,5.545979832E1
2.541877208E0,-1.406126404E1,1.174576950E1,-5.245930099E1,5.556672123E1
2.551924208E0,-1.386472702E1,1.151455688E1,-5.251598740E1,5.552246940E1
2.561972208E0,-1.371039581E1,1.121688557E1,-5.263146591E1,5.553255513E1
2.572019208E0,-1.360208893E1,1.097558594E1,-5.261152267E1,5.543872859E1
2.582066208E0,-1.350873566E1,1.085293007E1,-5.283918762E1,5.560801901E1
2.592114208E0,-1.355700684E1,1.059186363E1,-5.293704605E1,5.566247258E1
2.602161208E0,-1.339367676E1,1.016996384E1,-5.296222305E1,5.556811867E1
2.612208208E0,-1.353226089E1,9.831174850E0,-5.305099869E1,5.562537681E1
2.622255208E0,-1.343734741E1,9.373628616E0,-5.294585037E1,5.542283185E1
2.632303208E0,-1.346394348E1,8.856511116E0,-5.298020935E1,5.537705433E1
2.642350208E0,-1.341454315E1,8.650693893E0,-5.299036789E1,5.534224030E1
2.652397333E0,-1.351944733E1,8.266994476E0,-5.301778793E1,5.533538191E1
2.662445333E0,-1.351720047E1,7.831085682E0,-5.312039948E1,5.536982438E1
2.672492333E0,-1.366529083E1,7.640827179E0,-5.323493195E1,5.548946200E1
2.682539333E0,-1.389921951E1,7.230488777E0,-5.317550659E1,5.543557317E1
2.692586333E0,-1.405546188E1,6.648113728E0,-5.300911331E1,5.524237069E1
2.702634333E0,-1.442208481E1,6.333917618E0,-5.300167465E1,5.529278939E1
2.712681333E0,-1.468534470E1,5.950374126E0,-5.298183060E1,5.530045818E1
2.722728333E0,-1.496181107E1,5.463247299E0,-5.309983826E1,5.543731311E1
2.732776333E0,-1.520095062E1,5.036785126E0,-5.290949249E1,5.527976574E1
2.742823333E0,-1.531449890E1,4.580190182E0,-5.307004929E1,5.542510397E1
2.752870333E0,-1.520930862E1,4.230510712E0,-5.323196793E1,5.552353284E1
2.762917333E0,-1.524762726E1,3.926357746E0,-5.313576889E1,5.541945830E1
2.772965333E0,-1.522337341E1,3.608657837E0,-5.300601196E1,5.526672429E1
2.783012333E0,-1.520451736E1,3.208375931E0,-5.300027847E1,5.523133660E1
2.793059333E0,-1.532814407E1,2.832009792E0,-5.293248367E1,5.517988862E1
2.803107333E0,-1.553456879E1,2.727217197E0,-5.289896774E1,5.520019320E1
2.813154333E0,-1.571632004E1,2.738425732E0,-5.280495834E1,5.516217288E1
2.823201333E0,-1.591107941E1,2.881896973E0,-5.277936935E1,5.520081166E1
2.833248333E0,-1.619869232E1,3.094744682E0,-5.291474915E1,5.542513649E1
2.843296333E0,-1.638747406E1,3.273903370E0,-5.279579544E1,5.537746623E1
2.853343333E0,-1.647439957E1,3.215853691E0,-5.267176437E1,5.528166349E1
2.863390333E0,-1.688679886E1,3.273703098E0,-5.255927658E1,5.530242908E1
2.873437333E0,-1.727963638E1,3.086453438E0,-5.250459671E1,5.536103959E1
2.883485333E0,-1.759264374E1,2.877127171E0,-5.245651627E1,5.540275330E1
2.893532333E0,-1.793170547E1,2.388050079E0,-5.210170746E1,5.515284911E1
2.903579333E0,-1.835845947E1,1.774270535E0,-5.198431778E1,5.515931803E1
2.913627333E0,-1.892827988E1,1.573952198E0,-5.181979752E1,5.519101846E1
2.923674333E0,-1.946403503E1,1.359541893E0,-5.178269958E1,5.533665142E1
2.933721333E0,-1.967235947E1,1.209520817E0,-5.141648865E1,5.506468898E1
2.943768333E0,-1.984959030E1,1.072356224E0,-5.130939865E1,5.502554473E1
2.953816333E0,-1.996131134E1,1.012839317E0,-5.129361343E1,5.505010965E1
2.963863333E0,-2.004464340E1,9.474115372E-1,-5.124417877E1,5.503318250E1
2.973910333E0,-2.021939468E1,9.635796547E-1,-5.114181137E1,5.500215703E1
2.983958333E0,-2.058808517E1,1.207383156E0,-5.115112305E1,5.515219319E1
2.994005333E0,-2.101428604E1,1.180285454E0,-5.077411652E1,5.496366254E1
3.004052333E0,-2.134737015E1,1.064253807E0,-5.049412537E1,5.483155610E1
3.014099333E0,-2.180229568E1,1.239703655E0,-5.026068497E1,5.479975744E1
3.024147333E0,-2.217428207E1,1.296351910E0,-5.006858063E1,5.477446558E1
3.034194333E0,-2.234819412E1,1.282226086E0,-5.005326843E1,5.483079030E1
3.044241333E0,-2.265158463E1,1.458712578E0,-4.999462509E1,5.490614416E1
3.054289333E0,-2.312371445E1,1.595495224E0,-4.959624481E1,5.474522147E1
3.064336333E0,-2.373615265E1,1.935914040E0,-4.934419632E1,5.479053218E1
3.074383333E0,-2.418161392E1,2.164075851E0,-4.931432343E1,5.496668237E1
3.084430333E0,-2.467036819E1,2.079649448E0,-4.895082474E1,5.485558541E1
3.094478333E0,-2.500640869E1,1.974503994E0,-4.856378174E1,5.465949175E1
3.104525333E0,-2.545909882E1,1.900380135E0,-4.829970932E1,5.463185039E1
3.114572333E0,-2.590974426E1,1.654370308E0,-4.811217117E1,5.467021862E1
3.124619333E0,-2.609114075E1,1.123742580E0,-4.790537262E1,5.456129717E1
3.134667333E0,-2.610831833E1,6.305480003E-1,-4.782678986E1,5.449260229E1
3.144714333E0,-2.614221954E1,5.509090424E-2,-4.789383698E1,5.456407516E1
3.154761333E0,-2.613976288E1,-4.553489685E-1,-4.781660843E1,5.449699613E1
3.164809333E0,-2.600637054E1,-9.719867706E-1,-4.803824234E1,5.463468490E1
3.174856333E0,-2.587625122E1,-1.468688011E0,-4.816799545E1,5.469820114E1
3.184903333E0,-2.568176651E1,-1.861907959E0,-4.823199463E1,5.467490410E1
3.194950333E0,-2.539941788E1,-2.452968597E0,-4.820963669E1,5.454646233E1
3.204998333E0,-2.523165131E1,-2.714303970E0,-4.831856918E1,5.457735613E1
3.215045333E0,-2.493606949E1,-3.243354797E0,-4.822492218E1,5.438722305E1
3.225092333E0,-2.470171738E1,-3.779928207E0,-4.853128052E1,5.458706703E1
3.235140333E0,-2.425590515E1,-4.331075668E0,-4.884872437E1,5.471110512E1
3.245187333E0,-2.391910934E1,-4.922154427E0,-4.904036331E1,5.478420055E1
3.255234333E0,-2.345243835E1,-5.522697449E0,-4.914519501E1,5.473360251E1
3.265281333E0,-2.292417526E1,-6.042919159E0,-4.937850571E1,5.477473422E1
3.275329333E0,-2.244118500E1,-6.526874542E0,-4.935523224E1,5.460902695E1
3.285376333E0,-2.184263992E1,-7.184749603E0,-4.943699646E1,5.452282242E1
3.295423333E0,-2.137368011E1,-7.841069221E0,-4.971443558E1,5.467944470E1
3.305471333E0,-2.091886520E1,-8.728636742E0,-4.969120026E1,5.461687838E1
3.315518333E0,-2.060759354E1,-9.312209129E0,-4.962086105E1,5.453090868E1
3.325565333E0,-2.031957626E1,-9.743012428E0,-4.963995361E1,5.451546996E1
3.335612333E0,-1.966500854E1,-1.072994137E1,-4.985614395E1,5.465783834E1
3.345660333E0,-1.903038025E1,-1.151166630E1,-5.025829315E1,5.495971128E1
3.355707333E0,-1.833277893E1,-1.180332851E1,-5.009391022E1,5.463340725E1
3.365754333E0,-1.782197189E1,-1.237918377E1,-5.031198120E1,5.479199143E1
3.375801333E0,-1.709034729E1,-1.271229839E1,-5.044427872E1,5.475680557E1
3.385849333E0,-1.631407166E1,-1.335676861E1,-5.061767197E1,5.483339235E1
3.395896333E0,-1.548921204E1,-1.421130657E1,-5.055796051E1,5.475385187E1
3.405943333E0,-1.488068390E1,-1.485657406E1,-5.066949081E1,5.485936425E1
3.415990333E0,-1.417319489E1,-1.548232174E1,-5.071067810E1,5.488309952E1
3.426038333E0,-1.357905960E1,-1.617028809E1,-5.027274704E1,5.452722413E1
3.436085333E0,-1.323663712E1,-1.665986252E1,-5.030928421E1,5.462402090E1
3.446132333E0,-1.262076950E1,-1.751702499E1,-5.024697113E1,5.468901256E1
3.456180333E0,-1.206211853E1,-1.827417374E1,-5.014626312E1,5.471825869E1
3.466227333E0,-1.161384964E1,-1.901099396E1,-5.019032288E1,5.491236568E1
3.476274333E0,-1.129257202E1,-1.955446625E1,-4.946194077E1,5.437263022E1
3.486321333E0,-1.093623734E1,-2.025243378E1,-4.941861343E1,5.451570154E1
3.496369333E0,-1.085504532E1,-2.093400574E1,-4.916471481E1,5.452736733E1
3.506416333E0,-1.054148483E1,-2.163117981E1,-4.900629044E1,5.459530515E1
3.516463333E0,-1.017103577E1,-2.200955200E1,-4.895125580E1,5.462687793E1
3.526511333E0,-9.917026520E0,-2.199632645E1,-4.873664856E1,5.438241172E1
3.536558333E0,-9.546222687E0,-2.233752823E1,-4.882313156E1,5.453250141E1
3.546605333E0,-9.449096680E0,-2.261082077E1,-4.881171417E1,5.461792823E1
3.556652333E0,-9.294914246E0,-2.278850555E1,-4.870396423E1,5.456910800E1
3.566700333E0,-8.969703674E0,-2.320833206E1,-4.869711685E1,5.468538608E1
3.576747333E0,-9.017200470E0,-2.337120056E1,-4.861819839E1,5.469234074E1
3.586794333E0,-9.003601074E0,-2.361718369E1,-4.844968414E1,5.464620839E1
3.596841333E0,-8.769306183E0,-2.384796524E1,-4.828097916E1,5.455895092E1
3.606889333E0,-8.531284332E0,-2.426105881E1,-4.817849350E1,5.461271851E1
3.616936333E0,-8.259162903E0,-2.441897583E1,-4.812991714E1,5.459843475E1
3.626983333E0,-7.847160339E0,-2.472220230E1,-4.794024658E1,5.450717801E1
3.637030333E0,-7.458530426E0,-2.511035156E1,-4.784904099E1,5.454988685E1
3.647078333E0,-7.243915558E0,-2.545814896E1,-4.790459061E1,5.473062636E1
3.657124833E0,-6.877807617E0,-2.545999527E1,-4.790124512E1,5.468130284E1
3.667171833E0,-6.616527557E0,-2.562482834E1,-4.763340759E1,5.449175886E1
3.677219833E0,-6.376701355E0,-2.573449707E1,-4.737665939E1,5.429064850E1
3.687266833E0,-6.062747955E0,-2.581011581E1,-4.771307755E1,5.458440034E1
3.697313833E0,-5.996765137E0,-2.580802536E1,-4.765009689E1,5.452107023E1
3.707360833E0,-5.784183502E0,-2.580865479E1,-4.753002167E1,5.439344078E1
3.717408833E0,-5.641689301E0,-2.606501007E1,-4.758508301E1,5.454863457E1
3.727455833E0,-5.699783325E0,-2.599812317E1,-4.752472687E1,5.447007988E1
3.737502833E0,-5.711086273E0,-2.622626877E1,-4.745751953E1,5.452201244E1
3.747549833E0,-5.770999908E0,-2.612698364E1,-4.729247665E1,5.433693092E1
3.757597833E0,-5.704360962E0,-2.609924698E1,-4.737447739E1,5.438797233E1
3.767644833E0,-5.660102844E0,-2.617982864E1,-4.746136856E1,5.449772195E1
3.777691833E0,-5.726985931E0,-2.607192230E1,-4.742988205E1,5.442551986E1
3.787739833E0,-5.732593536E0,-2.602969742E1,-4.754363632E1,5.450509271E1
3.797786833E0,-5.505958557E0,-2.591641235E1,-4.752514648E1,5.441153882E1
3.807833833E0,-5.501995087E0,-2.586870193E1,-4.765192032E1,5.449924036E1
3.817880833E0,-5.241165161E0,-2.605056381E1,-4.770653915E1,5.460783428E1
3.827928833E0,-5.172882080E0,-2.615109634E1,-4.773651505E1,5.467552851E1
3.837975833E0,-5.174861908E0,-2.635248566E1,-4.772412109E1,5.476152326E1
3.848022833E0,-5.196659088E0,-2.623363113E1,-4.767708206E1,5.466546279E1
3.858069833E0,-5.342773438E0,-2.619492340E1,-4.779099655E1,5.476037428E1
3.868117833E0,-5.439285278E0,-2.625711060E1,-4.732858276E1,5.439684207E1
3.878164833E0,-5.781463623E0,-2.604522324E1,-4.728382492E1,5.429124307E1
3.888211833E0,-5.748416901E0,-2.607959366E1,-4.736241913E1,5.437267924E1
3.898259833E0,-5.793830872E0,-2.616569901E1,-4.751634979E1,5.455287140E1
3.908306833E0,-6.038940430E0,-2.593384171E1,-4.722378159E1,5.421363753E1
3.918353833E0,-6.127353668E0,-2.573366547E1,-4.753752899E1,5.440204651E1
3.928400833E0,-6.438735962E0,-2.577927017E1,-4.756343460E1,5.448218427E1
3.938448833E0,-6.646209717E0,-2.565979385E1,-4.762318420E1,5.450288798E1
3.948495833E0,-6.848968506E0,-2.574178314E1,-4.758776093E1,5.453570169E1
3.958542833E0,-7.135475159E0,-2.599530411E1,-4.757809067E1,5.468405209E1
3.968589833E0,-7.522949219E0,-2.612990952E1,-4.730310440E1,5.456143897E1
3.978637833E0,-7.919258118E0,-2.594755173E1,-4.712522125E1,5.437625003E1
3.988684833E0,-8.258537292E0,-2.590721130E1,-4.718423462E1,5.445859925E1
3.998731833E0,-8.524734497E0,-2.593310547E1,-4.709726334E1,5.443665375E1
4.008778833E0,-8.631072998E0,-2.557841492E1,-4.706554794E1,5.425787071E1
4.018826833E0,-8.801544189E0,-2.584778214E1,-4.720100403E1,5.452989825E1
4.028873833E0,-8.898853302E0,-2.583851624E1,-4.714915085E1,5.449643050E1
4.038920833E0,-8.988780975E0,-2.598156357E1,-4.714591980E1,5.457634637E1
4.048968833E0,-9.031101227E0,-2.599317169E1,-4.700146484E1,5.446414840E1
4.059015833E0,-9.096740723E0,-2.608562851E1,-4.697710800E1,5.449825119E1
4.069062833E0,-9.437992096E0,-2.602344513E1,-4.672564697E1,5.431004950E1
4.079109833E0,-9.498981476E0,-2.598141479E1,-4.665724564E1,5.424171028E1
4.089157833E0,-9.650955200E0,-2.586766052E1,-4.670652771E1,5.425658050E1
4.099204833E0,-9.847164154E0,-2.597601700E1,-4.689802551E1,5.450820945E1
4.109251833E0,-9.956844330E0,-2.583853912E1,-4.698160553E1,5.453476058E1
4.119298833E0,-1.003267670E1,-2.570809937E1,-4.693985367E1,5.445099482E1
4.129346833E0,-1.022034454E1,-2.546206665E1,-4.684832001E1,5.429122736E1
4.139393833E0,-1.026393127E1,-2.525072479E1,-4.714761734E1,5.445957408E1
4.149440833E0,-1.043581009E1,-2.489236069E1,-4.740058899E1,5.454678349E1
4.159487833E0,-1.033665085E1,-2.497602463E1,-4.743776703E1,5.459844226E1
4.169535833E0,-1.057622147E1,-2.484035492E1,-4.736179352E1,5.451641201E1
4.179582833E0,-1.093623352E1,-2.468047714E1,-4.733855438E1,5.449464090E1
4.189629833E0,-1.112377548E1,-2.453197098E1,-4.752467346E1,5.462737930E1
4.199677833E0,-1.138113785E1,-2.441736221E1,-4.743399048E1,5.455017258E1
4.209724833E0,-1.163350677E1,-2.419658661E1,-4.768764114E1,5.472590247E1
4.219771833E0,-1.184265900E1,-2.395027542E1,-4.757777786E1,5.456655763E1
4.229818833E0,-1.199647522E1,-2.365298080E1,-4.753534317E1,5.443333325E1
4.239866833E0,-1.240002441E1,-2.341688538E1,-4.768729019E1,5.455445694E1
4.249913833E0,-1.275423050E1,-2.302766800E1,-4.772188950E1,5.450066629E1
4.259960833E0,-1.309278107E1,-2.282136536E1,-4.772818756E1,5.449968367E1
4.270007833E0,-1.343104553E1,-2.245496368E1,-4.766878510E1,5.437767419E1
4.280055833E0,-1.385750580E1,-2.220486450E1,-4.793761444E1,5.461777506E1
4.290102833E0,-1.407298660E1,-2.205251312E1,-4.774853134E1,5.444524343E1
4.300149833E0,-1.433650208E1,-2.193394089E1,-4.780064392E1,5.451178417E1
4.310197833E0,-1.473006058E1,-2.170546341E1,-4.780373001E1,5.452796007E1
4.320244833E0,-1.500030899E1,-2.142147446E1,-4.770974731E1,5.440688216E1
4.330291833E0,-1.529586029E1,-2.158159637E1,-4.764925766E1,5.449936146E1
4.340338833E0,-1.579229736E1,-2.128565979E1,-4.782868195E1,5.468142999E1
4.350386833E0,-1.610612488E1,-2.099619293E1,-4.768595886E1,5.453620860E1
4.360433833E0,-1.654063034E1,-2.082563782E1,-4.751511002E1,5.445167878E1
4.370480833E0,-1.684178925E1,-2.079172516E1,-4.746877670E1,5.449060893E1
4.380527833E0,-1.718423462E1,-2.053537369E1,-4.757157135E1,5.458986987E1
4.390575833E0,-1.734032822E1,-2.020212936E1,-4.753260422E1,5.448083587E1
4.400622833E0,-1.750156403E1,-1.986441803E1,-4.740997314E1,5.430106261E1
4.410669833E0,-1.753873444E1,-1.950713348E1,-4.750034332E1,5.426249237E1
4.420716833E0,-1.743629837E1,-1.908445358E1,-4.776472092E1,5.431122751E1
4.430764833E0,-1.753342056E1,-1.846900558E1,-4.802300262E1,5.435746301E1
4.440811833E0,-1.747315598E1,-1.805189133E1,-4.826623535E1,5.441333876E1
4.450858833E0,-1.745757675E1,-1.747311020E1,-4.871910477E1,5.462259363E1
4.460905833E0,-1.743633270E1,-1.692241669E1,-4.889725876E1,5.460160985E1
4.470953833E0,-1.738324738E1,-1.639970016E1,-4.925282669E1,5.474457409E1
4.481000833E0,-1.740859604E1,-1.597638416E1,-4.945772552E1,5.481213991E1
4.491047833E0,-1.750894547E1,-1.532641315E1,-4.956128693E1,5.475201616E1
4.501095833E0,-1.727260590E1,-1.488589191E1,-4.973690796E1,5.471464800E1
4.511142833E0,-1.752675247E1,-1.427058506E1,-4.989144135E1,5.477218792E1
4.521189833E0,-1.766483307E1,-1.373871708E1,-5.003708649E1,5.481339889E1
4.531236833E0,-1.761248016E1,-1.317661762E1,-5.017386627E1,5.478357022E1
4.541284833E0,-1.784663773E1,-1.239329243E1,-5.042553711E1,5.490747643E1
4.551331833E0,-1.785500336E1,-1.206895161E1,-5.049394608E1,5.490081355E1
4.561378833E0,-1.788153839E1,-1.161396694E1,-5.039043427E1,5.471589814E1
4.571425833E0,-1.792039871E1,-1.124489117E1,-5.065560913E1,5.489607458E1
4.581473833E0,-1.790770721E1,-1.071901417E1,-5.069178391E1,5.482007112E1
4.591520833E0,-1.795605469E1,-1.034350491E1,-5.070992661E1,5.478051341E1
4.601567833E0,-1.805886841E1,-9.929497719E0,-5.081894302E1,5.483869640E1
4.611614833E0,-1.822542953E1,-9.209105492E0,-5.070582581E1,5.466310160E1
4.621662833E0,-1.848406982E1,-8.710259438E0,-5.077215958E1,5.472971446E1
4.631709833E0,-1.859767914E1,-8.349581718E0,-5.093790436E1,5.486582984E1
4.641756833E0,-1.869676208E1,-7.930704117E0,-5.101157761E1,5.490579232E1
4.651803833E0,-1.887702179E1,-7.580876350E0,-5.092326736E1,5.483603557E1
4.661852333E0,-1.906247330E1,-7.216271400E0,-5.100294876E1,5.492497832E1
4.671899333E0,-1.907183075E1,-7.077679634E0,-5.102400208E1,5.492974663E1
4.681946333E0,-1.921349716E1,-6.819914818E0,-5.102510071E1,5.494752600E1
4.691994333E0,-1.935326385E1,-6.745089531E0,-5.087548447E1,5.484851843E1
4.702041333E0,-1.933102798E1,-6.477755547E0,-5.096388245E1,5.489050258E1
4.712088333E0,-1.942087936E1,-6.244339943E0,-5.095121765E1,5.488341204E1
4.722135333E0,-1.974610901E1,-5.727273941E0,-5.083666229E1,5.483681903E1
4.732183333E0,-1.986592865E1,-5.411940575E0,-5.090066528E1,5.490739429E1
4.742230333E0,-1.994306183E1,-5.134176254E0,-5.107209778E1,5.506763707E1
4.752277333E0,-1.993940353E1,-5.083295822E0,-5.088924026E1,5.489202569E1
4.762324333E0,-2.002195740E1,-4.694189072E0,-5.098199844E1,5.497343317E1
4.772372333E0,-2.024386215E1,-4.456503868E0,-5.098030090E1,5.503331229E1
4.782419333E0,-2.019104767E1,-4.156989098E0,-5.097330093E1,5.498396468E1
4.792466333E0,-2.013561630E1,-4.073370934E0,-5.112607574E1,5.509910177E1
4.802513333E0,-2.008306503E1,-4.008583069E0,-5.086915970E1,5.483675453E1
4.812561333E0,-2.028161240E1,-3.640613556E0,-5.092621231E1,5.493702730E1
4.822608333E0,-2.040148926E1,-3.505387306E0,-5.101031494E1,5.505052892E1
4.832655333E0,-2.063925552E1,-3.478187561E0,-5.100129700E1,5.512902097E1
4.842702333E0,-2.046024704E1,-3.658365250E0,-5.072637558E1,5.481943565E1
4.852750333E0,-2.066279984E1,-3.497482300E0,-5.073944092E1,5.489694476E1
4.862797333E0,-2.079695892E1,-3.268467903E0,-5.067153931E1,5.487076889E1
4.872844333E0,-2.073463821E1,-3.354398727E0,-5.065543365E1,5.483748874E1
4.882892333E0,-2.089965820E1,-3.098991394E0,-5.066720200E1,5.489594538E1
4.892939333E0,-2.093461609E1,-3.121301651E0,-5.080255890E1,5.503544917E1
4.902986333E0,-2.102624893E1,-2.855963707E0,-5.068150330E1,5.494428495E1
4.913033333E0,-2.122526169E1,-2.614030838E0,-5.060586548E1,5.493904360E1
4.923081333E0,-2.137671661E1,-2.238435745E0,-5.057950974E1,5.495690505E1
4.933128333E0,-2.128767395E1,-2.276086807E0,-5.041349792E1,5.477103620E1
4.943175333E0,-2.152820206E1,-2.022396088E0,-5.036197281E1,5.480768080E1
4.953222333E0,-2.177531052E1,-1.725345612E0,-5.034579086E1,5.488022980E1
4.963270333E0,-2.189011002E1,-1.514078140E0,-5.014873505E1,5.473906261E1
4.973317333E0,-2.221026611E1,-1.341853142E0,-4.998612213E1,5.471479596E1
4.983364333E0,-2.246512604E1,-1.083948135E0,-4.987673569E1,5.471330363E1
4.993411333E0,-2.272332382E1,-8.342199326E-1,-4.979781342E1,5.474365342E1
5.003459333E0,-2.294838715E1,-6.547708511E-1,-4.976333237E1,5.480370832E1
5.013506333E0,-2.332303619E1,-4.147090912E-1,-4.980801010E1,5.499976246E1
5.023553333E0,-2.353002548E1,-2.602691650E-1,-4.951695633E1,5.482388898E1
5.033600333E0,-2.379967117E1,-2.986421585E-1,-4.936956406E1,5.480754866E1
5.043648333E0,-2.399937057E1,-1.316871643E-1,-4.931527710E1,5.484508807E1
5.053695333E0,-2.427138519E1,-1.148557663E-1,-4.916555023E1,5.483032610E1
5.063742333E0,-2.454151154E1,9.623622894E-2,-4.931561661E1,5.508470833E1
5.073789333E0,-2.459065628E1,2.671561241E-1,-4.909591675E1,5.491066190E1
5.083837333E0,-2.458069229E1,5.225939751E-1,-4.888358688E1,5.471826573E1
5.093884333E0,-2.457411194E1,5.836906433E-1,-4.867408752E1,5.452884071E1
5.103931333E0,-2.465771103E1,9.448347092E-1,-4.886345673E1,5.474059580E1
5.113978333E0,-2.476095200E1,1.047892570E0,-4.870656204E1,5.464917208E1
5.124026333E0,-2.505560303E1,1.405478477E0,-4.882030106E1,5.489244400E1
5.134073333E0,-2.544804764E1,1.794374466E0,-4.860552216E1,5.489371268E1
5.144120333E0,-2.544444656E1,2.040929317E0,-4.843772507E1,5.475215487E1
5.154168333E0,-2.584434509E1,2.432849884E0,-4.830607986E1,5.483909448E1
5.164215333E0,-2.600466156E1,2.615882874E0,-4.811801529E1,5.475790958E1
5.174262333E0,-2.624570847E1,2.682494164E0,-4.789709091E1,5.468239484E1
5.184309333E0,-2.646686554E1,2.741852760E0,-4.770459747E1,5.462363360E1
5.194357333E0,-2.658277130E1,2.908819675E0,-4.759947968E1,5.459684448E1
5.204404333E0,-2.679519653E1,2.799891949E0,-4.740896606E1,5.452918499E1
5.214451333E0,-2.689663315E1,2.826908588E0,-4.747371674E1,5.463674650E1
5.224498333E0,-2.711936188E1,2.939173222E0,-4.740568924E1,5.469367331E1
5.234546333E0,-2.725675964E1,3.200862885E0,-4.733639908E1,5.471664415E1
5.244593333E0,-2.732361603E1,3.430731297E0,-4.717253494E1,5.462232111E1
5.254640333E0,-2.750996399E1,3.588394165E0,-4.693211746E1,5.451878888E1
5.264687333E0,-2.751221848E1,3.897356987E0,-4.701296616E1,5.461071821E1
5.274735333E0,-2.771219635E1,3.939924002E0,-4.698073196E1,5.468709175E1
5.284782333E0,-2.768651199E1,4.051352501E0,-4.696388245E1,5.466774788E1
5.294829333E0,-2.763236237E1,4.224187851E0,-4.675362778E1,5.447286410E1
5.304876333E0,-2.754491425E1,4.112618923E0,-4.663345337E1,5.431680134E1
5.314924333E0,-2.764984894E1,4.299043179E0,-4.685364914E1,5.457344003E1
5.324971333E0,-2.766239166E1,4.289225578E0,-4.681481171E1,5.454568694E1
5.335018333E0,-2.776612473E1,4.490418434E0,-4.666984940E1,5.449033293E1
5.345065333E0,-2.776902390E1,4.629680634E0,-4.679390335E1,5.460972461E1
5.355113333E0,-2.781620026E1,4.948732376E0,-4.655377960E1,5.445627002E1
5.365160333E0,-2.766262436E1,4.992937088E0,-4.672532654E1,5.452894963E1
5.375207333E0,-2.775953293E1,5.167926788E0,-4.687908554E1,5.472611622E1
5.385254333E0,-2.763565445E1,5.204237938E0,-4.683179855E1,5.462628346E1
5.395302333E0,-2.757715988E1,5.180722237E0,-4.678135681E1,5.455121424E1
5.405349333E0,-2.775410461E1,5.291540146E0,-4.677602768E1,5.464693482E1
5.415396333E0,-2.769908142E1,5.259232044E0,-4.686550522E1,5.469254257E1
5.425443333E0,-2.760451126E1,5.268681526E0,-4.684261703E1,5.462599031E1
5.435491333E0,-2.759221268E1,5.374723434E0,-4.686149216E1,5.464629264E1
5.445538333E0,-2.744841766E1,5.369067192E0,-4.678731918E1,5.450959320E1
5.455585333E0,-2.737855530E1,5.477893829E0,-4.692055893E1,5.459973866E1
5.465632333E0,-2.729713821E1,5.309857845E0,-4.697290039E1,5.458737689E1
5.475680333E0,-2.730681229E1,5.271093369E0,-4.697445679E1,5.458979770E1
5.485727333E0,-2.726518250E1,5.157264709E0,-4.697981262E1,5.456271941E1
5.495774333E0,-2.718732452E1,4.969336987E0,-4.700004959E1,5.452384420E1
5.505821333E0,-2.726396561E1,5.121431828E0,-4.699208450E1,5.456930356E1
5.515869333E0,-2.737948227E1,5.058179379E0,-4.693816376E1,5.457483344E1
5.525916333E0,-2.726366043E1,4.978578568E0,-4.696385193E1,5.453161297E1
5.535963333E0,-2.722042465E1,4.760406494E0,-4.717792130E1,5.467512456E1
5.546011333E0,-2.715534210E1,4.835788727E0,-4.705097198E1,5.453981502E1
5.556058333E0,-2.712400055E1,4.641958237E0,-4.703200150E1,5.449099326E1
5.566105333E0,-2.712556076E1,4.532310486E0,-4.696087646E1,5.442115217E1
5.576152333E0,-2.720736313E1,4.473344326E0,-4.702691650E1,5.451405593E1
5.586200333E0,-2.715661240E1,4.477771759E0,-4.708012009E1,5.453503226E1
5.596247333E0,-2.719825363E1,4.164334774E0,-4.714173126E1,5.458415073E1
5.606294333E0,-2.720896912E1,4.039508820E0,-4.707895660E1,5.452590015E1
5.616341333E0,-2.717634583E1,3.691249847E0,-4.710779953E1,5.450985117E1
5.626389333E0,-2.712308121E1,3.868382931E0,-4.729184341E1,5.465477449E1
5.636436333E0,-2.719945145E1,3.698359013E0,-4.726046371E1,5.465381459E1
5.646483333E0,-2.704769897E1,3.447542667E0,-4.725627136E1,5.455839764E1
5.656530458E0,-2.702108002E1,3.280097008E0,-4.745654297E1,5.470851188E1
5.666578458E0,-2.696702576E1,3.214974880E0,-4.734378815E1,5.458013208E1
5.676625458E0,-2.699913406E1,2.754452229E0,-4.727489090E1,5.451105903E1
5.686672458E0,-2.662689972E1,2.421404362E0,-4.743498993E1,5.445120070E1
5.696719458E0,-2.660622406E1,2.160518169E0,-4.744676971E1,5.444037981E1
5.706767458E0,-2.674417114E1,2.080874920E0,-4.754465485E1,5.459006260E1
5.716814458E0,-2.667110443E1,1.896661758E0,-4.759928131E1,5.459520784E1
5.726861458E0,-2.660634995E1,1.404733181E0,-4.772646713E1,5.465973653E1
5.736908458E0,-2.662514496E1,1.122031689E0,-4.752090836E1,5.448297009E1
5.746956458E0,-2.665352631E1,1.073359489E0,-4.752705002E1,5.450122062E1
5.757003458E0,-2.654887390E1,6.972489357E-1,-4.766943741E1,5.456834361E1
5.767050458E0,-2.647778320E1,4.046759605E-1,-4.771280289E1,5.456874861E1
5.777097458E0,-2.633433151E1,3.071179390E-1,-4.778329468E1,5.456037562E1
5.787145458E0,-2.628840637E1,1.609792709E-1,-4.768950272E1,5.445543952E1
5.797192458E0,-2.611986923E1,-1.002435684E-1,-4.802612305E1,5.466960867E1
5.807239458E0,-2.589607620E1,-5.080947876E-1,-4.790859985E1,5.446190286E1
5.817286458E0,-2.578430939E1,-7.979555130E-1,-4.804939270E1,5.453633177E1
5.827334458E0,-2.586709595E1,-8.991632462E-1,-4.796894836E1,5.450628546E1
5.837381458E0,-2.581112289E1,-1.264464378E0,-4.790304565E1,5.442898785E1
5.847428458E0,-2.552639771E1,-1.548557281E0,-4.785348511E1,5.425818875E1
5.857475458E0,-2.547755432E1,-1.789691925E0,-4.816238403E1,5.451535570E1
5.867523458E0,-2.518952942E1,-2.079228401E0,-4.809981155E1,5.433624439E1
5.877570458E0,-2.511071014E1,-2.414895058E0,-4.828702545E1,5.447950357E1
5.887617458E0,-2.491949463E1,-2.640329361E0,-4.831783295E1,5.442945464E1
5.897664458E0,-2.455811691E1,-3.036423683E0,-4.864556503E1,5.457757756E1
5.907712458E0,-2.439680862E1,-3.638945580E0,-4.870335388E1,5.459361570E1
5.917759458E0,-2.409335709E1,-3.941061020E0,-4.886883926E1,5.462769690E1
5.927806458E0,-2.378323746E1,-4.202400208E0,-4.891810989E1,5.455532996E1
5.937853458E0,-2.361985016E1,-4.358354568E0,-4.889882660E1,5.447924209E1
5.947901458E0,-2.360236359E1,-4.362548828E0,-4.890522766E1,5.447774492E1
5.957948458E0,-2.322454834E1,-4.645636559E0,-4.898698425E1,5.441218807E1
5.967995458E0,-2.308388901E1,-4.578501701E0,-4.916015244E1,5.450274486E1
5.978042458E0,-2.278830338E1,-4.861418724E0,-4.946760178E1,5.468074422E1
5.988090458E0,-2.256292343E1,-4.846588135E0,-4.950437927E1,5.461921363E1
5.998137458E0,-2.232844543E1,-4.622748375E0,-4.951393890E1,5.451201174E1
6.008184458E0,-2.203462601E1,-4.540789604E0,-4.963300323E1,5.449383932E1
6.018231458E0,-2.185318375E1,-4.246703148E0,-4.953674698E1,5.430916524E1
6.028279458E0,-2.187596893E1,-4.130015373E0,-4.965452576E1,5.441678943E1
6.038326458E0,-2.185379791E1,-4.061568260E0,-4.969615555E1,5.444072645E1
6.048373458E0,-2.199392700E1,-3.944323540E0,-4.984856033E1,5.462755239E1
6.058420458E0,-2.188995743E1,-3.993654251E0,-4.974914169E1,5.449859273E1
6.068468458E0,-2.177786255E1,-3.899745941E0,-4.987485123E1,5.456174576E1
6.078515458E0,-2.182202148E1,-3.786891937E0,-5.006602859E1,5.474621806E1
6.088562458E0,-2.164863586E1,-3.577999115E0,-5.031937408E1,5.489539981E1
6.098609458E0,-2.122239304E1,-3.595481873E0,-5.031091690E1,5.472207795E1
6.108657458E0,-2.094878006E1,-3.774393082E0,-5.063352203E1,5.492586806E1
6.118704458E0,-2.062210083E1,-3.947058678E0,-5.058972931E1,5.477381698E1
6.128751458E0,-2.033736420E1,-3.982009888E0,-5.067039108E1,5.474443641E1
6.138798458E0,-2.011107635E1,-4.176797867E0,-5.067006302E1,5.467500635E1
6.148846458E0,-2.002468872E1,-4.344452858E0,-5.073568344E1,5.471720025E1
6.158893458E0,-1.995832443E1,-4.707750320E0,-5.064431763E1,5.463830648E1
6.168940458E0,-1.989883041E1,-5.132668495E0,-5.071774673E1,5.472291633E1
6.178987458E0,-1.986772919E1,-5.400315285E0,-5.069391251E1,5.471528885E1
6.189035458E0,-1.976241302E1,-5.884562492E0,-5.064728546E1,5.468389680E1
6.199082458E0,-1.961063766E1,-6.241282463E0,-5.073991013E1,5.475462716E1
6.209129458E0,-1.926258850E1,-6.754744530E0,-5.087298584E1,5.481545929E1
6.219176458E0,-1.894891357E1,-6.994114876E0,-5.088092041E1,5.474346564E1
6.229224458E0,-1.854945755E1,-7.322773933E0,-5.100796890E1,5.476785814E1
6.239271458E0,-1.825042725E1,-7.683722496E0,-5.118513107E1,5.488201280E1
6.249318458E0,-1.786598206E1,-7.872927666E0,-5.126604080E1,5.485784579E1
6.259365458E0,-1.765008926E1,-8.290301323E0,-5.124291611E1,5.482783233E1
6.269413458E0,-1.753166580E1,-8.434502602E0,-5.133582306E1,5.489869642E1
6.279460458E0,-1.731500626E1,-8.853608131E0,-5.136584473E1,5.492400043E1
6.289507458E0,-1.722903442E1,-8.844658852E0,-5.132946014E1,5.486147187E1
6.299554458E0,-1.712425613E1,-9.049046516E0,-5.144845963E1,5.497335162E1
6.309602458E0,-1.668945312E1,-9.461474419E0,-5.138233566E1,5.484707615E1
6.319649458E0,-1.651082993E1,-9.555254936E0,-5.126257706E1,5.469700365E1
6.329696458E0,-1.657167435E1,-9.469511986E0,-5.154292679E1,5.496330912E1
6.339743458E0,-1.639063644E1,-9.385899544E0,-5.144038773E1,5.479837190E1
6.349791458E0,-1.647260284E1,-9.080883980E0,-5.136166763E1,5.469762335E1
6.359838458E0,-1.623427582E1,-9.510281563E0,-5.139506531E1,5.473070349E1
6.369885458E0,-1.604513550E1,-9.606663704E0,-5.134972763E1,5.464914353E1
6.379932458E0,-1.606529236E1,-9.869750023E0,-5.125253296E1,5.461069235E1
6.389980458E0,-1.608958435E1,-1.020759296E1,-5.115240860E1,5.458606584E1
6.400027458E0,-1.604291153E1,-1.055475903E1,-5.103189087E1,5.452551544E1
6.410074458E0,-1.612831116E1,-1.066333675E1,-5.097555161E1,5.451913456E1
6.420121458E0,-1.617748260E1,-1.080635738E1,-5.115058899E1,5.472541509E1
6.430169458E0,-1.629737473E1,-1.116835117E1,-5.071125031E1,5.442395978E1
6.440216458E0,-1.627820206E1,-1.153503323E1,-5.045952988E1,5.426049216E1
6.450263458E0,-1.620709991E1,-1.179041767E1,-5.053493881E1,5.436418009E1
6.460310458E0,-1.619924164E1,-1.194097614E1,-5.056375885E1,5.442146681E1
6.470358458E0,-1.604385376E1,-1.219244289E1,-5.073650742E1,5.459170351E1
6.480405458E0,-1.601172256E1,-1.242722797E1,-5.049818039E1,5.441394561E1
6.490452458E0,-1.568597031E1,-1.274837017E1,-5.039509964E1,5.429766730E1
6.500499458E0,-1.564904022E1,-1.283137608E1,-5.063232040E1,5.452676903E1
6.510547458E0,-1.566599274E1,-1.282124805E1,-5.043085480E1,5.434223814E1
6.520594458E0,-1.563934708E1,-1.307171535E1,-5.068203354E1,5.462716763E1
6.530641458E0,-1.546017456E1,-1.326258564E1,-5.084588242E1,5.477423604E1
6.540688458E0,-1.532146072E1,-1.348956776E1,-5.066131592E1,5.461945192E1
6.550736458E0,-1.532442093E1,-1.356696224E1,-5.063824844E1,5.461806063E1
6.560783458E0,-1.537131882E1,-1.384954357E1,-5.054822922E1,5.461877677E1
6.570830458E0,-1.522659302E1,-1.400590038E1,-5.063065720E1,5.469440400E1
6.580877458E0,-1.517186737E1,-1.409360600E1,-5.043409348E1,5.451984111E1
6.590925458E0,-1.514931488E1,-1.406004810E1,-5.037475586E1,5.445000204E1
6.600972458E0,-1.504248047E1,-1.403089237E1,-5.026958847E1,5.431550133E1
6.611019458E0,-1.501337433E1,-1.414207935E1,-5.037188339E1,5.443093288E1
6.621066458E0,-1.512604904E1,-1.427802753E1,-5.023669815E1,5.437265187E1
6.631114458E0,-1.501898193E1,-1.462607861E1,-5.034526443E1,5.453565480E1
6.641161458E0,-1.497976685E1,-1.482808590E1,-5.036647797E1,5.459897113E1
6.651208458E0,-1.496287537E1,-1.499888706E1,-5.042675781E1,5.469654610E1
6.661255583E0,-1.489811707E1,-1.526156139E1,-5.020766068E1,5.454977854E1
6.671303583E0,-1.488436890E1,-1.548127460E1,-4.998374557E1,5.440210586E1
6.681350583E0,-1.468017960E1,-1.567504978E1,-5.021394348E1,5.461368856E1
6.691397583E0,-1.452582932E1,-1.562680340E1,-5.013735580E1,5.448808263E1
6.701444583E0,-1.447677994E1,-1.572311687E1,-5.010017776E1,5.446853563E1
6.711492583E0,-1.450532913E1,-1.598788548E1,-5.005934525E1,5.451564089E1
6.721539583E0,-1.431767654E1,-1.625128174E1,-4.995481873E1,5.444799293E1
6.731586583E0,-1.445226288E1,-1.637987518E1,-4.997986984E1,5.454498696E1
6.741633583E0,-1.434338760E1,-1.661705780E1,-5.014051056E1,5.473509091E1
6.751681583E0,-1.432176590E1,-1.681164551E1,-4.985599899E1,5.452857085E1
6.761728583E0,-1.440441513E1,-1.686806107E1,-4.989828873E1,5.460639044E1
6.771775583E0,-1.441280746E1,-1.703171539E1,-4.972491455E1,5.450115114E1
6.781822583E0,-1.436637878E1,-1.702363586E1,-4.967411804E1,5.444001305E1
6.791870583E0,-1.444424820E1,-1.715341949E1,-4.953816605E1,5.437744019E1
6.801917583E0,-1.425014114E1,-1.740521622E1,-4.943546295E1,5.431273397E1
6.811964583E0,-1.419617462E1,-1.772248077E1,-4.936588669E1,5.433791004E1
6.822011583E0,-1.421517944E1,-1.772736740E1,-4.968270111E1,5.463242326E1
6.832059583E0,-1.405690384E1,-1.783437347E1,-4.971792984E1,5.465833853E1
6.842106583E0,-1.415281296E1,-1.798044968E1,-4.941646957E1,5.445719558E1
6.852153583E0,-1.394972992E1,-1.818140793E1,-4.943248367E1,5.448604410E1
6.862200583E0,-1.376652527E1,-1.839592361E1,-4.940547180E1,5.448695135E1
6.872248583E0,-1.370869827E1,-1.839021683E1,-4.937874603E1,5.444620320E1
6.882295583E0,-1.356375885E1,-1.850333023E1,-4.943550110E1,5.449970232E1
6.892342583E0,-1.336181259E1,-1.871796036E1,-4.951431274E1,5.459457155E1
6.902389583E0,-1.326969147E1,-1.909390640E1,-4.966399002E1,5.483770489E1
6.912437583E0,-1.336064529E1,-1.915776443E1,-4.947348022E1,5.470970688E1
6.922484583E0,-1.330129623E1,-1.945251846E1,-4.950132370E1,5.482431946E1
6.932531583E0,-1.336590576E1,-1.992187500E1,-4.904682541E1,5.459963025E1
6.942578583E0,-1.346222305E1,-2.034810257E1,-4.850526047E1,5.429582876E1
6.952626583E0,-1.336265182E1,-2.050413513E1,-4.864406967E1,5.445388449E1
6.962673583E0,-1.360588074E1,-2.066438675E1,-4.855908966E1,5.449882622E1
6.972720583E0,-1.366291046E1,-2.100673294E1,-4.845147324E1,5.454817330E1
6.982767583E0,-1.363221359E1,-2.110068893E1,-4.808261108E1,5.424955124E1
6.992815583E0,-1.360692978E1,-2.129960632E1,-4.811087036E1,5.434590706E1
7.002862583E0,-1.369392776E1,-2.143424606E1,-4.797644806E1,5.430184279E1
7.012909583E0,-1.384727859E1,-2.172452927E1,-4.774303436E1,5.425034218E1
7.022957583E0,-1.377610779E1,-2.195370483E1,-4.782180786E1,5.439367251E1
7.033004583E0,-1.369364166E1,-2.205104828E1,-4.776902771E1,5.436584001E1
7.043051583E0,-1.376012039E1,-2.217171097E1,-4.760736847E1,5.428984447E1
7.053098583E0,-1.369567490E1,-2.230487442E1,-4.770040894E1,5.440963101E1
7.063146583E0,-1.384868240E1,-2.219378281E1,-4.779853058E1,5.448898536E1
7.073193583E0,-1.380634308E1,-2.222550201E1,-4.758787537E1,5.430648148E1
7.083240583E0,-1.381756592E1,-2.237296295E1,-4.750361252E1,5.429611221E1
7.093287583E0,-1.387084198E1,-2.246876144E1,-4.753609848E1,5.437762552E1
7.103335583E0,-1.409633255E1,-2.235238266E1,-4.738161469E1,5.425267746E1
7.113382583E0,-1.420436096E1,-2.240200043E1,-4.724080276E1,5.417847303E1
7.123429583E0,-1.433586121E1,-2.239555740E1,-4.732891083E1,5.428723338E1
7.133476583E0,-1.445313644E1,-2.246062851E1,-4.744059372E1,5.444247348E1
7.143524583E0,-1.460746384E1,-2.217921066E1,-4.737553406E1,5.431147772E1
7.153571583E0,-1.473062515E1,-2.210144043E1,-4.746059036E1,5.438724689E1
7.163618583E0,-1.477637863E1,-2.209112930E1,-4.730253220E1,5.425761616E1
7.173665583E0,-1.490398407E1,-2.193791199E1,-4.722472382E1,5.416248945E1
7.183713583E0,-1.506571579E1,-2.156151962E1,-4.732671356E1,5.414510816E1
7.193760583E0,-1.513292313E1,-2.134434128E1,-4.731298447E1,5.406574485E1
7.203807583E0,-1.522011185E1,-2.114009857E1,-4.748297882E1,5.415892216E1
7.213855583E0,-1.525956345E1,-2.097664261E1,-4.753372955E1,5.415098574E1
7.223902583E0,-1.563216782E1,-2.058854675E1,-4.787823105E1,5.441119312E1
7.233949583E0,-1.568622208E1,-2.012946701E1,-4.787034988E1,5.424779630E1
7.243996583E0,-1.591143417E1,-1.989540100E1,-4.787130356E1,5.422787496E1
7.254044583E0,-1.602134323E1,-1.979556656E1,-4.813135529E1,5.445342281E1
7.264091583E0,-1.625427628E1,-1.960818481E1,-4.778924942E1,5.415251397E1
7.274138583E0,-1.634525299E1,-1.969478607E1,-4.794705582E1,5.435045589E1
7.284185583E0,-1.649888611E1,-1.939404678E1,-4.802754593E1,5.435979637E1
7.294233583E0,-1.632211685E1,-1.941441727E1,-4.813353348E1,5.440742726E1
7.304280583E0,-1.646084976E1,-1.916821671E1,-4.818076324E1,5.440373198E1
7.314327583E0,-1.645404053E1,-1.866749954E1,-4.841625595E1,5.443661295E1
7.324374583E0,-1.663493347E1,-1.816434860E1,-4.843983459E1,5.434226851E1
7.334422583E0,-1.649732208E1,-1.761448288E1,-4.860544968E1,5.426712984E1
7.344469583E0,-1.648279190E1,-1.696051407E1,-4.884717178E1,5.427142579E1
7.354516583E0,-1.643919754E1,-1.628504562E1,-4.904558563E1,5.423024430E1
7.364564583E0,-1.652169418E1,-1.550582409E1,-4.944853973E1,5.439260098E1
7.374611583E0,-1.657297516E1,-1.528850460E1,-4.973043823E1,5.460328164E1
7.384658583E0,-1.665497589E1,-1.497147083E1,-4.989997101E1,5.469497479E1
7.394705583E0,-1.672439194E1,-1.502173901E1,-4.985588455E1,5.468973535E1
7.404753583E0,-1.689822769E1,-1.501154995E1,-4.954810333E1,5.446018064E1
7.414800583E0,-1.705380630E1,-1.536721897E1,-4.950259781E1,5.456639001E1
7.424847583E0,-1.715612411E1,-1.572884655E1,-4.911946106E1,5.435485869E1
7.434894583E0,-1.730878067E1,-1.625518036E1,-4.920103455E1,5.463118685E1
7.444942583E0,-1.751719284E1,-1.621770477E1,-4.888830948E1,5.440526442E1
7.454989583E0,-1.768324280E1,-1.604127884E1,-4.892813492E1,5.444246586E1
7.465036583E0,-1.773244476E1,-1.605894089E1,-4.907635880E1,5.459686962E1
7.475084583E0,-1.795154953E1,-1.588596249E1,-4.915990448E1,5.469294418E1
7.485131583E0,-1.806246567E1,-1.552364826E1,-4.913661194E1,5.460442248E1
7.495178583E0,-1.803813171E1,-1.541142559E1,-4.918685532E1,5.460982485E1
7.505225583E0,-1.822379684E1,-1.520647907E1,-4.906042480E1,5.450017486E1
7.515273583E0,-1.853016281E1,-1.524163342E1,-4.895450592E1,5.451805181E1
7.525320583E0,-1.884330750E1,-1.546650982E1,-4.882123566E1,5.456918741E1
7.535367583E0,-1.912423706E1,-1.567416668E1,-4.853172302E1,5.446782613E1
7.545414583E0,-1.938789749E1,-1.607451248E1,-4.828239822E1,5.445613371E1
7.555462583E0,-1.931134796E1,-1.653292847E1,-4.804859543E1,5.435929917E1
7.565509583E0,-1.931752777E1,-1.695285034E1,-4.802415466E1,5.446912378E1
7.575556583E0,-1.900129318E1,-1.760905838E1,-4.789781189E1,5.445482957E1
7.585604583E0,-1.866049194E1,-1.784879684E1,-4.789912033E1,5.441616705E1
7.595651583E0,-1.834453583E1,-1.771860886E1,-4.808401489E1,5.442925301E1
7.605698583E0,-1.803009033E1,-1.753350067E1,-4.822805023E1,5.439165958E1
7.615745583E0,-1.786070251E1,-1.697262573E1,-4.840257645E1,5.431283573E1
7.625793583E0,-1.757529831E1,-1.644509125E1,-4.830319214E1,5.396786551E1
7.635840583E0,-1.742514801E1,-1.612078476E1,-4.864294052E1,5.412625192E1
7.645887583E0,-1.717751694E1,-1.612517929E1,-4.899676132E1,5.436700392E1
7.655935458E0,-1.713207245E1,-1.619081116E1,-4.915203094E1,5.451213093E1
7.665982458E0,-1.711565399E1,-1.623717499E1,-4.918450928E1,5.455004506E1
7.676029458E0,-1.693976593E1,-1.651106644E1,-4.915988159E1,5.455515505E1
7.686076458E0,-1.685778809E1,-1.694824219E1,-4.878740311E1,5.432898521E1
7.696124458E0,-1.658794022E1,-1.744765091E1,-4.877272797E1,5.439080139E1
7.706171458E0,-1.646063995E1,-1.786579895E1,-4.845152664E1,5.420046009E1
7.716218458E0,-1.628781891E1,-1.828271866E1,-4.833093262E1,5.417960773E1
7.726265458E0,-1.608848190E1,-1.854914474E1,-4.825827408E1,5.414583121E1
7.736313458E0,-1.576915359E1,-1.913531876E1,-4.831562042E1,5.430677495E1
7.746360458E0,-1.544383621E1,-1.936457825E1,-4.844501114E1,5.440972406E1
7.756407458E0,-1.519995499E1,-1.929497147E1,-4.846792984E1,5.433667986E1
7.766455458E0,-1.510133362E1,-1.931226349E1,-4.850395966E1,5.434747373E1
7.776502458E0,-1.522719955E1,-1.935286713E1,-4.853321838E1,5.442310501E1
7.786549458E0,-1.530347824E1,-1.931820679E1,-4.848398590E1,5.438829330E1
7.796596458E0,-1.526772690E1,-1.944068909E1,-4.836054993E1,5.431193852E1
7.806644458E0,-1.561019135E1,-1.943106461E1,-4.845489502E1,5.448964302E1
7.816691458E0,-1.578283691E1,-1.954450226E1,-4.835796738E1,5.449383927E1
7.826738458E0,-1.599155426E1,-1.955803680E1,-4.822257614E1,5.443953950E1
7.836786458E0,-1.618758392E1,-1.983609772E1,-4.811941910E1,5.450676234E1
7.846833458E0,-1.606976700E1,-1.999695206E1,-4.803160477E1,5.445319604E1
7.856880458E0,-1.602149963E1,-2.000351334E1,-4.792143631E1,5.434420902E1
7.866927458E0,-1.612604904E1,-1.998128891E1,-4.806494522E1,5.449348882E1
7.876975458E0,-1.624703979E1,-2.003881073E1,-4.792261887E1,5.442515628E1
7.887022458E0,-1.657836914E1,-2.005248642E1,-4.766615677E1,5.430476071E1
7.897069458E0,-1.660050201E1,-1.973960876E1,-4.785453796E1,5.436253880E1
7.907117458E0,-1.683830643E1,-1.927370834E1,-4.788476181E1,5.429507169E1
7.917164458E0,-1.694438934E1,-1.939181519E1,-4.794898987E1,5.442665207E1
7.927211458E0,-1.723853302E1,-1.910569000E1,-4.776873016E1,5.425906369E1
7.937258458E0,-1.759774399E1,-1.885800552E1,-4.789035797E1,5.439477321E1
7.947306458E0,-1.791404343E1,-1.865186691E1,-4.791788101E1,5.445115620E1
7.957353458E0,-1.829571915E1,-1.851984406E1,-4.794822311E1,5.455960101E1
7.967400458E0,-1.846305466E1,-1.844919586E1,-4.757633591E1,5.426568855E1
7.977448458E0,-1.841957474E1,-1.831108475E1,-4.755199432E1,5.418273454E1
7.987495458E0,-1.844356918E1,-1.849981308E1,-4.767292404E1,5.436097879E1
7.997542458E0,-1.854369736E1,-1.855805588E1,-4.776518631E1,5.449571701E1
8.007589458E0,-1.846854782E1,-1.856510162E1,-4.771670151E1,5.443008230E1
8.017637458E0,-1.834912491E1,-1.871565247E1,-4.766212082E1,5.439341682E1
8.027684458E0,-1.841999435E1,-1.852535629E1,-4.754528809E1,5.424978744E1
8.037731458E0,-1.828892517E1,-1.846029282E1,-4.774978638E1,5.436275650E1
8.047779458E0,-1.798089218E1,-1.879308319E1,-4.771804047E1,5.434614840E1
8.057826458E0,-1.785491943E1,-1.868898773E1,-4.773600006E1,5.428445553E1
8.067873458E0,-1.776816559E1,-1.878974152E1,-4.770381165E1,5.426247083E1
8.077920458E0,-1.758562851E1,-1.885496140E1,-4.773450470E1,5.425262057E1
8.087968458E0,-1.744234085E1,-1.929326630E1,-4.770255661E1,5.433230426E1
8.098015458E0,-1.723689270E1,-1.941397476E1,-4.758646393E1,5.420778943E1
8.108062458E0,-1.709606934E1,-1.959274673E1,-4.762929916E1,5.426510343E1
8.118110458E0,-1.714576340E1,-1.963557053E1,-4.767247009E1,5.433412590E1
8.128157458E0,-1.709805679E1,-1.982925034E1,-4.766489029E1,5.438275904E1
8.138204458E0,-1.704106903E1,-1.985525894E1,-4.766220856E1,5.437200995E1
8.148251458E0,-1.702827454E1,-1.986621857E1,-4.748189926E1,5.421401600E1
8.158299458E0,-1.676517105E1,-1.990612411E1,-4.760953903E1,5.425857485E1
8.168346458E0,-1.658759308E1,-2.012897110E1,-4.765386963E1,5.432508640E1
8.178393458E0,-1.634619522E1,-2.022608948E1,-4.766884232E1,5.430111713E1
8.188441458E0,-1.625983047E1,-2.028313065E1,-4.776570511E1,5.438152315E1
8.198488458E0,-1.584556961E1,-2.058393097E1,-4.770168686E1,5.431603096E1
8.208535458E0,-1.566365814E1,-2.046487808E1,-4.771855164E1,5.423303045E1
8.218583458E0,-1.537992859E1,-2.062928391E1,-4.778448105E1,5.427214927E1
8.228630458E0,-1.527919006E1,-2.084735870E1,-4.781495667E1,5.435380479E1
8.238677458E0,-1.514607620E1,-2.086662292E1,-4.781980133E1,5.432819688E1
8.248724458E0,-1.505706024E1,-2.101614380E1,-4.763044357E1,5.419458016E1
8.258772458E0,-1.507869720E1,-2.103963852E1,-4.770303345E1,5.427350089E1
8.268819458E0,-1.507983398E1,-2.125046539E1,-4.773371506E1,5.438282105E1
8.278866458E0,-1.509742355E1,-2.097565460E1,-4.745934296E1,5.403979569E1
8.288914458E0,-1.519746399E1,-2.080897522E1,-4.769780731E1,5.421307207E1
8.298961458E0,-1.507818985E1,-2.060313416E1,-4.787211609E1,5.425477348E1
8.309008458E0,-1.508850861E1,-2.017749023E1,-4.806927872E1,5.427199794E1
8.319055458E0,-1.517544174E1,-1.975757599E1,-4.818465424E1,5.424404801E1
8.329103458E0,-1.547064972E1,-1.905873108E1,-4.836811066E1,5.424067073E1
8.339150458E0,-1.555167770E1,-1.846268845E1,-4.876427841E1,5.441213461E1
8.349197458E0,-1.566189194E1,-1.771530914E1,-4.898688889E1,5.439524170E1
8.359245458E0,-1.576393127E1,-1.708545303E1,-4.922384262E1,5.443712811E1
8.369292458E0,-1.590523148E1,-1.651849747E1,-4.922077560E1,5.430029372E1
8.379339458E0,-1.594070053E1,-1.603019333E1,-4.952237320E1,5.443839159E1
8.389386458E0,-1.610430527E1,-1.562296772E1,-4.967082596E1,5.450336430E1
8.399434458E0,-1.620048523E1,-1.516583347E1,-4.965876770E1,5.439164859E1
8.409481458E0,-1.627067947E1,-1.511573124E1,-4.978410339E1,5.451309285E1
8.419528458E0,-1.650955582E1,-1.465320683E1,-4.990954590E1,5.457329636E1
8.429576458E0,-1.662662125E1,-1.424531651E1,-4.995140457E1,5.453912719E1
8.439623458E0,-1.678937149E1,-1.364455700E1,-4.992120361E1,5.440756842E1
8.449670458E0,-1.678584671E1,-1.327591991E1,-5.014089584E1,5.451719119E1
8.459718458E0,-1.695863724E1,-1.277334309E1,-5.044944763E1,5.473481924E1
8.469765458E0,-1.691683197E1,-1.230987644E1,-5.057065582E1,5.472753870E1
8.479812458E0,-1.667070007E1,-1.225490665E1,-5.063962555E1,5.470344280E1
8.489859458E0,-1.658548355E1,-1.189204502E1,-5.078059769E1,5.472812897E1
8.499907458E0,-1.629956436E1,-1.175693035E1,-5.099542999E1,5.481272744E1
8.509954458E0,-1.614029312E1,-1.169012547E1,-5.090598679E1,5.466797587E1
8.520001458E0,-1.596363068E1,-1.174481678E1,-5.088989639E1,5.461281700E1
8.530049458E0,-1.622300720E1,-1.137405491E1,-5.102902603E1,5.474044744E1
8.540096458E0,-1.624145126E1,-1.135188770E1,-5.129291534E1,5.498739181E1
8.550143458E0,-1.637725449E1,-1.103744221E1,-5.106599808E1,5.475194750E1
8.560190458E0,-1.653221512E1,-1.095640659E1,-5.102959824E1,5.474830480E1
8.570238458E0,-1.660497284E1,-1.079488468E1,-5.110241699E1,5.480612813E1
8.580285458E0,-1.666098404E1,-1.048061085E1,-5.105954742E1,5.472210683E1
8.590332458E0,-1.654843140E1,-1.058710766E1,-5.102581787E1,5.467697431E1
8.600380458E0,-1.645941544E1,-1.042798138E1,-5.115992737E1,5.474480177E1
8.610427458E0,-1.633182144E1,-1.023785877E1,-5.136817932E1,5.486558111E1
8.620474458E0,-1.620212173E1,-1.017610645E1,-5.129446030E1,5.474653915E1
8.630522458E0,-1.629180908E1,-9.849804878E0,-5.115740967E1,5.458500035E1
8.640569458E0,-1.617577744E1,-1.011012363E1,-5.112579346E1,5.456846280E1
8.650616458E0,-1.633848953E1,-1.031001949E1,-5.115883255E1,5.468517980E1
8.660663208E0,-1.630275345E1,-1.005309963E1,-5.117547226E1,5.464223223E1
8.670711208E0,-1.646858215E1,-1.007820034E1,-5.113473511E1,5.465844358E1
8.680758208E0,-1.655202866E1,-1.005124187E1,-5.100843430E1,5.456058545E1
8.690805208E0,-1.665443039E1,-9.984120369E0,-5.093039703E1,5.450649551E1
8.700853208E0,-1.674577332E1,-9.788975716E0,-5.099210739E1,5.455675930E1
8.710900208E0,-1.686089706E1,-9.783387184E0,-5.099646378E1,5.459527298E1
8.720947208E0,-1.689622879E1,-9.870051384E0,-5.090228653E1,5.453387237E1
8.730995208E0,-1.678491974E1,-9.717026711E0,-5.107186127E1,5.463047823E1
8.741042208E0,-1.662926865E1,-9.781903267E0,-5.116992188E1,5.468618758E1
8.751089208E0,-1.657464218E1,-9.797606468E0,-5.119570160E1,5.469654210E1
8.761136208E0,-1.633564377E1,-9.590960503E0,-5.124133301E1,5.463070555E1
8.771184208E0,-1.624778748E1,-9.503611565E0,-5.119615936E1,5.454682359E1
8.781231208E0,-1.635635376E1,-9.320284843E0,-5.136153793E1,5.470288472E1
8.791278208E0,-1.634632874E1,-9.231745720E0,-5.137276077E1,5.469541244E1
8.801326208E0,-1.622245026E1,-9.124547005E0,-5.144590378E1,5.470928866E1
8.811373208E0,-1.639131165E1,-8.926880836E0,-5.148666382E1,5.476532525E1
8.821420208E0,-1.633922577E1,-8.765774727E0,-5.129312134E1,5.454166666E1
8.831467208E0,-1.644335175E1,-8.616372108E0,-5.138421249E1,5.463481471E1
8.841515208E0,-1.640164185E1,-8.624960899E0,-5.157798386E1,5.480595063E1
8.851562208E0,-1.667374039E1,-8.423810005E0,-5.154966736E1,5.483012309E1
8.861609208E0,-1.661811447E1,-8.503655434E0,-5.127754974E1,5.456978094E1
8.871657208E0,-1.672568893E1,-8.475674629E0,-5.137310028E1,5.468803492E1
8.881704208E0,-1.676262665E1,-8.420729637E0,-5.120957184E1,5.453727705E1
8.891751208E0,-1.668093109E1,-8.452095985E0,-5.144021988E1,5.473378856E1
8.901799208E0,-1.657178116E1,-8.098065376E0,-5.138869095E1,5.459853616E1
8.911846208E0,-1.657363892E1,-8.069514275E0,-5.161435318E1,5.480733547E1
8.921893208E0,-1.651300430E1,-7.981461525E0,-5.169081497E1,5.484818494E1
8.931940208E0,-1.647687531E1,-7.982414246E0,-5.165617371E1,5.480480489E1
8.941988208E0,-1.636392593E1,-7.783490181E0,-5.183322906E1,5.490942020E1
8.952035208E0,-1.625113297E1,-7.663594246E0,-5.166106415E1,5.469639429E1
8.962082208E0,-1.619142532E1,-7.684913635E0,-5.183377838E1,5.484487882E1
8.972130208E0,-1.600701141E1,-7.565490723E0,-5.182258224E1,5.476350148E1
8.982177208E0,-1.592104721E1,-7.551238060E0,-5.192205048E1,5.483065079E1
8.992224208E0,-1.576346207E1,-7.423895836E0,-5.197076035E1,5.481387504E1
9.002272208E0,-1.564115143E1,-7.352678299E0,-5.195312119E1,5.475248211E1
9.012319208E0,-1.555802536E1,-7.076232910E0,-5.202861786E1,5.476406031E1
9.022366208E0,-1.532349396E1,-6.978691101E0,-5.206515503E1,5.472012395E1
9.032413208E0,-1.507405090E1,-6.929098129E0,-5.199632645E1,5.457890962E1
9.042461208E0,-1.506666565E1,-6.870347977E0,-5.201809692E1,5.459018687E1
9.052508208E0,-1.503137970E1,-6.941697121E0,-5.203734970E1,5.460783184E1
9.062555208E0,-1.512216949E1,-6.826317787E0,-5.199322891E1,5.457631792E1
9.072603208E0,-1.531495667E1,-6.810235977E0,-5.198267746E1,5.461800040E1
9.082650208E0,-1.549510956E1,-6.850392342E0,-5.197439194E1,5.466592826E1
9.092697208E0,-1.570756912E1,-7.021588326E0,-5.188698578E1,5.466525152E1
9.102744208E0,-1.592002869E1,-7.282770157E0,-5.182112122E1,5.469839722E1
9.112792208E0,-1.591254425E1,-7.270213127E0,-5.178121948E1,5.465674482E1
9.122839208E0,-1.590115738E1,-7.297040939E0,-5.188885880E1,5.475899268E1
9.132886208E0,-1.606600189E1,-7.460632324E0,-5.188711929E1,5.482746210E1
9.142934208E0,-1.597284317E1,-7.485229492E0,-5.191889954E1,5.483368042E1
9.152981208E0,-1.593911362E1,-7.563588142E0,-5.203722763E1,5.494666749E1
9.163028208E0,-1.599584198E1,-7.467701912E0,-5.188261414E1,5.480364205E1
9.173076208E0,-1.604392624E1,-7.653470039E0,-5.190745544E1,5.486681241E1
9.183123208E0,-1.615525436E1,-7.479409218E0,-5.183728409E1,5.480910351E1
9.193170208E0,-1.619354630E1,-7.541998863E0,-5.183022690E1,5.482230485E1
9.203217208E0,-1.608365631E1,-7.630133629E0,-5.184578323E1,5.481686035E1
9.213265208E0,-1.612948227E1,-7.680378914E0,-5.190857697E1,5.489671011E1
9.223312208E0,-1.627045822E1,-8.031764984E0,-5.193387222E1,5.501239991E1
9.233359208E0,-1.640163422E1,-7.902788162E0,-5.175352478E1,5.486250990E1
9.243407208E0,-1.644837570E1,-8.046815872E0,-5.165788651E1,5.480727641E1
9.253454208E0,-1.660990906E1,-8.083943367E0,-5.151028442E1,5.472246907E1
9.263501208E0,-1.660167313E1,-8.094935417E0,-5.149698639E1,5.470907728E1
9.273549208E0,-1.680783463E1,-8.312335014E0,-5.132469177E1,5.464267749E1
9.283596208E0,-1.680676651E1,-8.364340782E0,-5.146239471E1,5.477962821E1
9.293643208E0,-1.684506226E1,-8.599207878E0,-5.139931488E1,5.476853174E1
9.303690208E0,-1.686289215E1,-8.695996284E0,-5.134394073E1,5.473735227E1
9.313738208E0,-1.700629425E1,-8.952374458E0,-5.106016159E1,5.455730157E1
9.323785208E0,-1.696216202E1,-9.041607857E0,-5.106839371E1,5.456598252E1
9.333832208E0,-1.706366348E1,-9.216923714E0,-5.137032318E1,5.490929246E1
9.343880208E0,-1.711186218E1,-9.277201653E0,-5.128738785E1,5.485689063E1
9.353927208E0,-1.708208847E1,-9.488978386E0,-5.112311935E1,5.473035529E1
9.363974208E0,-1.709684372E1,-9.554034233E0,-5.084184647E1,5.448371305E1
9.374022208E0,-1.708335876E1,-9.709807396E0,-5.071423340E1,5.438800397E1
9.384069208E0,-1.718358231E1,-9.897643089E0,-5.084255981E1,5.457293036E1
9.394116208E0,-1.720484924E1,-1.011368465E1,-5.076138687E1,5.454366922E1
9.404163208E0,-1.713813782E1,-1.026338482E1,-5.078076935E1,5.456866657E1
9.414211208E0,-1.692124176E1,-1.063049030E1,-5.060844040E1,5.441093628E1
9.424258208E0,-1.678590393E1,-1.085682774E1,-5.058158875E1,5.438873412E1
9.434305208E0,-1.675164413E1,-1.091725063E1,-5.074331665E1,5.454070157E1
9.444353208E0,-1.665733719E1,-1.109575367E1,-5.096051025E1,5.474994280E1
9.454400208E0,-1.655926132E1,-1.149555111E1,-5.086370468E1,5.471264282E1
9.464447208E0,-1.657829666E1,-1.178262997E1,-5.074386978E1,5.466818645E1
9.474494208E0,-1.655590057E1,-1.173035145E1,-5.087094879E1,5.476816977E1
9.484542208E0,-1.652483368E1,-1.198853588E1,-5.059212494E1,5.455600999E1
9.494589208E0,-1.660044861E1,-1.232418728E1,-5.044482803E1,5.451734734E1
9.504636208E0,-1.651961136E1,-1.275707531E1,-5.038298416E1,5.453517785E1
9.514684208E0,-1.627241135E1,-1.291337681E1,-5.020697021E1,5.433494759E1
9.524731208E0,-1.618241882E1,-1.325256062E1,-5.017876053E1,5.436367399E1
9.534778208E0,-1.585546875E1,-1.383675671E1,-5.030083847E1,5.452546264E1
9.544826208E0,-1.582820511E1,-1.395083523E1,-5.009954834E1,5.436103958E1
9.554873208E0,-1.573200607E1,-1.409151363E1,-5.013960648E1,5.440631314E1
9.564920208E0,-1.547625351E1,-1.430932903E1,-5.010115433E1,5.435436491E1
9.574967208E0,-1.525031281E1,-1.461104870E1,-5.009141159E1,5.436179081E1
9.585015208E0,-1.490145874E1,-1.493602467E1,-5.004614258E1,5.431164417E1
9.595062208E0,-1.466044998E1,-1.502242565E1,-5.007398605E1,5.429554443E1
9.605109208E0,-1.455973053E1,-1.544273090E1,-5.010303497E1,5.441302973E1
9.615157208E0,-1.415046692E1,-1.573825359E1,-5.028334808E1,5.455587443E1
9.625204208E0,-1.391431427E1,-1.581082439E1,-5.030940628E1,5.454013815E1
9.635251208E0,-1.373629761E1,-1.618798447E1,-5.024404526E1,5.454540124E1
9.645299208E0,-1.346219254E1,-1.633990860E1,-5.028769684E1,5.456258511E1
9.655346208E0,-1.314011765E1,-1.661919403E1,-5.031190109E1,5.459072901E1
9.665393583E0,-1.292274475E1,-1.678938293E1,-5.008430099E1,5.438122762E1
9.675440583E0,-1.267794800E1,-1.689467239E1,-5.032642746E1,5.457938825E1
9.685488583E0,-1.253870773E1,-1.726457214E1,-5.023509216E1,5.457883406E1
9.695535583E0,-1.221434784E1,-1.743353271E1,-5.033492661E1,5.465092124E1
9.705582583E0,-1.184677505E1,-1.756868744E1,-5.007651138E1,5.437519517E1
9.715630583E0,-1.181417084E1,-1.773682404E1,-5.001659775E1,5.436754188E1
9.725677583E0,-1.135824203E1,-1.781900787E1,-5.016681290E1,5.443561169E1
9.735724583E0,-1.096488190E1,-1.800888062E1,-5.034584045E1,5.458252529E1
9.745772583E0,-1.078637314E1,-1.793609619E1,-5.039086533E1,5.456453702E1
9.755819583E0,-1.058097458E1,-1.796824646E1,-5.041483688E1,5.455704063E1
9.765866583E0,-1.019434738E1,-1.823051834E1,-5.069387054E1,5.482832323E1
9.775913583E0,-9.957729340E0,-1.825641251E1,-5.053447723E1,5.464600956E1
9.785961583E0,-9.726295471E0,-1.829785156E1,-5.061087036E1,5.468886901E1
9.796008583E0,-9.501907349E0,-1.842192459E1,-5.043541336E1,5.452874902E1
9.806055583E0,-9.284442902E0,-1.860869980E1,-5.043505859E1,5.455437401E1
9.816103583E0,-8.901336670E0,-1.878803253E1,-5.041857147E1,5.453674275E1
9.826150583E0,-8.674922943E0,-1.906969452E1,-5.046802521E1,5.464365567E1
9.836197583E0,-8.367187500E0,-1.927816772E1,-5.051389694E1,5.471116305E1
9.846245583E0,-8.264495850E0,-1.928677368E1,-5.037502289E1,5.457036248E1
9.856292583E0,-8.235431671E0,-1.939529419E1,-5.031961441E1,5.455330756E1
9.866339583E0,-8.063278198E0,-1.952172470E1,-5.032442474E1,5.457711898E1
9.876386583E0,-7.969680786E0,-1.958761978E1,-5.039610291E1,5.465306806E1
9.886434583E0,-7.984401703E0,-1.954328156E1,-5.051677704E1,5.475066472E1
9.896481583E0,-8.136276245E0,-1.983546448E1,-5.030075073E1,5.467915660E1
9.906528583E0,-8.135845184E0,-1.989783096E1,-5.031880188E1,5.471834680E1
9.916576583E0,-8.356868744E0,-1.995754242E1,-5.024750519E1,5.470788364E1
9.926623583E0,-8.377452850E0,-1.997735214E1,-5.015043259E1,5.462913329E1
9.936670583E0,-8.527565002E0,-1.991566086E1,-5.008163071E1,5.456668074E1
9.946717583E0,-8.852775574E0,-1.992866898E1,-4.994270325E1,5.449584471E1
9.956765583E0,-8.854675293E0,-2.002740479E1,-5.007460785E1,5.465316613E1
9.966812583E0,-9.227298737E0,-2.009381104E1,-5.003131866E1,5.469951674E1
9.976859583E0,-9.362453461E0,-2.025037003E1,-4.977698898E1,5.454797570E1
9.986907583E0,-9.427268982E0,-2.021652222E1,-4.974509430E1,5.451747956E1
9.996954583E0,-9.518634796E0,-2.054878616E1,-4.960004425E1,5.452541986E1
1.000700158E1,-9.593826294E0,-2.075918198E1,-4.954853439E1,5.457144308E1
1.001704958E1,-9.666969299E0,-2.072553253E1,-4.953968048E1,5.456352203E1
1.002709658E1,-9.798091888E0,-2.108803940E1,-4.943299103E1,5.462900889E1
1.003714358E1,-9.732002258E0,-2.143911362E1,-4.952034378E1,5.483258072E1
1.004719058E1,-9.774368286E0,-2.166033173E1,-4.930538177E1,5.473325240E1
1.005723858E1,-9.763828278E0,-2.176044083E1,-4.922995377E1,5.470317610E1
1.006728558E1,-9.768741608E0,-2.196869659E1,-4.909861755E1,5.466924353E1
1.007733258E1,-9.726585388E0,-2.234307098E1,-4.909541702E1,5.481039369E1
1.008738058E1,-9.520416260E0,-2.235364532E1,-4.898796463E1,5.468221341E1
1.009742758E1,-9.377967834E0,-2.254337311E1,-4.891594696E1,5.467101443E1
1.010747458E1,-9.118419647E0,-2.277271652E1,-4.888853836E1,5.469763594E1
1.011752258E1,-8.902389526E0,-2.299535370E1,-4.908958435E1,5.493474422E1
1.012756958E1,-8.686214447E0,-2.312532806E1,-4.894042587E1,5.482149582E1
1.013761658E1,-8.533779144E0,-2.344226074E1,-4.878990555E1,5.479799137E1
1.014766358E1,-8.227668762E0,-2.365308380E1,-4.873614883E1,5.479393315E1
1.015771158E1,-7.907993317E0,-2.401053619E1,-4.861533737E1,5.479501104E1
1.016775858E1,-7.855434418E0,-2.422015381E1,-4.856052780E1,5.483109119E1
1.017780558E1,-7.618293762E0,-2.463152695E1,-4.821847534E1,5.467880653E1
1.018785358E1,-7.574584961E0,-2.510268784E1,-4.800275040E1,5.469719663E1
1.019790058E1,-7.605888367E0,-2.526412964E1,-4.796260834E1,5.474063923E1
1.020794758E1,-7.572006226E0,-2.542304611E1,-4.759242630E1,5.448582929E1
1.021799458E1,-7.345386505E0,-2.569528580E1,-4.754716492E1,5.454296753E1
1.022804258E1,-7.209243774E0,-2.606797791E1,-4.737157822E1,5.454886883E1
1.023808958E1,-7.184776306E0,-2.636253738E1,-4.714707947E1,5.449267373E1
1.024813658E1,-7.177551270E0,-2.649150848E1,-4.716673660E1,5.457122232E1
1.025818458E1,-6.962806702E0,-2.653540039E1,-4.706293106E1,5.447501841E1
1.026823158E1,-7.016578674E0,-2.672786331E1,-4.709726715E1,5.460552744E1
1.027827858E1,-6.926239014E0,-2.663323212E1,-4.719614792E1,5.463312382E1
1.028832658E1,-6.856273651E0,-2.649649429E1,-4.696537399E1,5.435824733E1
1.029837358E1,-6.710140228E0,-2.637144089E1,-4.713610077E1,5.442693150E1
1.030842058E1,-6.680458069E0,-2.635765839E1,-4.730657959E1,5.456433953E1
1.031846758E1,-6.582168579E0,-2.635388947E1,-4.737533569E1,5.461020843E1
1.032851558E1,-6.596374512E0,-2.620241547E1,-4.732563400E1,5.449581972E1
1.033856258E1,-6.531505585E0,-2.615633774E1,-4.732079697E1,5.446165986E1
1.034860958E1,-6.375675201E0,-2.594324112E1,-4.734883881E1,5.436555463E1
1.035865758E1,-6.136539459E0,-2.599903107E1,-4.736367798E1,5.437761235E1
1.036870458E1,-5.892406464E0,-2.635076523E1,-4.746172333E1,5.460493076E1
1.037875158E1,-5.702136993E0,-2.640129089E1,-4.730941391E1,5.447681316E1
1.038879858E1,-5.809837341E0,-2.634728241E1,-4.718637848E1,5.435520043E1
1.039884658E1,-5.746055603E0,-2.638575745E1,-4.719342041E1,5.437319451E1
1.040889358E1,-5.664939880E0,-2.656306839E1,-4.712874222E1,5.439491235E1
1.041894058E1,-5.736690521E0,-2.664542770E1,-4.728421402E1,5.457733349E1
1.042898858E1,-5.788505554E0,-2.676867294E1,-4.715489960E1,5.453121311E1
1.043903558E1,-5.844295502E0,-2.699104691E1,-4.690589905E1,5.443193703E1
1.044908258E1,-5.954719543E0,-2.696767426E1,-4.710208893E1,5.460147362E1
1.045913058E1,-6.038337708E0,-2.672771454E1,-4.706348038E1,5.445919052E1
1.046917758E1,-6.051948547E0,-2.652914047E1,-4.694605255E1,5.426189478E1
1.047922458E1,-6.036754608E0,-2.665538788E1,-4.697364044E1,5.434588306E1
1.048927158E1,-6.048400879E0,-2.669044876E1,-4.693568802E1,5.433159319E1
1.049931958E1,-6.053722382E0,-2.667892075E1,-4.692205048E1,5.431474190E1
1.050936658E1,-6.159507751E0,-2.651217270E1,-4.693968201E1,5.426019336E1
1.051941358E1,-6.244293213E0,-2.651556396E1,-4.710552597E1,5.441504302E1
1.052946158E1,-6.303451538E0,-2.619306564E1,-4.716990662E1,5.432136117E1
1.053950858E1,-6.440212250E0,-2.603712463E1,-4.725776672E1,5.433879561E1
1.054955558E1,-6.436237335E0,-2.602058792E1,-4.740152740E1,5.445549510E1
1.055960358E1,-6.801761627E0,-2.566817474E1,-4.723210144E1,5.418478165E1
1.056965058E1,-6.878330231E0,-2.580469894E1,-4.731948090E1,5.433532172E1
1.057969758E1,-7.081523895E0,-2.581710434E1,-4.733276749E1,5.437887214E1
1.058974458E1,-7.216518402E0,-2.596414948E1,-4.760800934E1,5.470592060E1
1.059979258E1,-7.289806366E0,-2.583515167E1,-4.745734787E1,5.452335468E1
1.060983958E1,-7.317169189E0,-2.568373489E1,-4.742170715E1,5.442438344E1
1.061988658E1,-7.475566864E0,-2.557485962E1,-4.771355438E1,5.464925266E1
1.062993458E1,-7.645778656E0,-2.538927841E1,-4.773637009E1,5.460617565E1
1.063998158E1,-7.846904755E0,-2.533081818E1,-4.741444778E1,5.432636673E1
1.065002858E1,-7.954883575E0,-2.502426147E1,-4.748727417E1,5.426357013E1
1.066007658E1,-8.046447754E0,-2.474998856E1,-4.752251816E1,5.418207256E1
1.067012358E1,-8.181823730E0,-2.446554947E1,-4.782300186E1,5.433732472E1
1.068017058E1,-8.248111725E0,-2.411994934E1,-4.804855347E1,5.439178976E1
1.069021758E1,-8.230976105E0,-2.409740067E1,-4.818877792E1,5.450313756E1
1.070026558E1,-8.404685974E0,-2.362161636E1,-4.812969971E1,5.426866038E1
1.071031258E1,-8.404949188E0,-2.348430634E1,-4.840772629E1,5.445607201E1
1.072035958E1,-8.578815460E0,-2.339961624E1,-4.823324585E1,5.429165792E1
1.073040758E1,-8.645275116E0,-2.325814438E1,-4.846544647E1,5.444797116E1
1.074045458E1,-8.696357727E0,-2.307595062E1,-4.840980911E1,5.432895870E1
1.075050158E1,-8.894405365E0,-2.313568115E1,-4.869512558E1,5.464051102E1
1.076054858E1,-9.221565247E0,-2.259728622E1,-4.876118851E1,5.452823227E1
1.077059658E1,-9.237197876E0,-2.261547852E1,-4.881521606E1,5.458672927E1
1.078064358E1,-9.274372101E0,-2.242601395E1,-4.879587936E1,5.449750382E1
1.079069058E1,-9.547176361E0,-2.212943649E1,-4.915573502E1,5.474620371E1
1.080073858E1,-9.552772522E0,-2.166733551E1,-4.909580231E1,5.450804248E1
1.081078558E1,-9.498313904E0,-2.181675339E1,-4.911523438E1,5.457558926E1
1.082083258E1,-9.683876038E0,-2.155856323E1,-4.913835144E1,5.452638523E1
1.083088058E1,-9.822685242E0,-2.152524948E1,-4.906697845E1,5.447375410E1
1.084092758E1,-9.918190002E0,-2.144101715E1,-4.914443970E1,5.452764127E1
1.085097458E1,-1.011650085E1,-2.120818710E1,-4.926967621E1,5.458600355E1
1.086102158E1,-1.023589325E1,-2.106781387E1,-4.920340729E1,5.449405087E1
1.087106958E1,-1.034395981E1,-2.091338730E1,-4.945730591E1,5.468448025E1
1.088111658E1,-1.033720016E1,-2.088439941E1,-4.955142212E1,5.475727605E1
1.089116358E1,-1.043761444E1,-2.045172501E1,-4.958100128E1,5.463966086E1
1.090121158E1,-1.041941833E1,-2.013727951E1,-4.965913010E1,5.459032429E1
1.091125858E1,-1.045117950E1,-1.996201706E1,-4.976539612E1,5.462878297E1
1.092130558E1,-1.037907028E1,-1.968322754E1,-4.977375412E1,5.452138246E1
1.093135258E1,-1.020598221E1,-1.944627762E1,-4.991248703E1,5.453050658E1
1.094140058E1,-1.044336319E1,-1.936639404E1,-4.999766541E1,5.462497230E1
1.095144758E1,-1.040668869E1,-1.911008072E1,-5.016102982E1,5.467744751E1
1.096149458E1,-1.031220627E1,-1.901868057E1,-4.996862030E1,5.445103143E1
1.097154258E1,-1.045262527E1,-1.906614304E1,-4.979717636E1,5.433722443E1
1.098158958E1,-1.052956390E1,-1.931110382E1,-4.983324432E1,5.447148508E1
1.099163658E1,-1.054156113E1,-1.948380280E1,-4.983096695E1,5.453318576E1
1.100168458E1,-1.064090347E1,-2.001139450E1,-4.967041016E1,5.459701807E1
1.101173158E1,-1.083454514E1,-2.030117798E1,-4.923162842E1,5.434407449E1
1.102177858E1,-1.095941162E1,-2.067027283E1,-4.914701462E1,5.443158943E1
1.103182558E1,-1.105521393E1,-2.095367813E1,-4.903110886E1,5.445478875E1
1.104187358E1,-1.110234833E1,-2.117862320E1,-4.858158875E1,5.414764061E1
1.105192058E1,-1.112136459E1,-2.136939240E1,-4.863489914E1,5.427420286E1
1.106196758E1,-1.108263016E1,-2.138568878E1,-4.867278671E1,5.430665284E1
1.107201558E1,-1.097891998E1,-2.131847763E1,-4.889477539E1,5.445836238E1
1.108206258E1,-1.113177490E1,-2.120568848E1,-4.884148026E1,5.439749838E1
1.109210958E1,-1.122340012E1,-2.108284378E1,-4.880897903E1,5.433937289E1
1.110215758E1,-1.132640076E1,-2.084070587E1,-4.919510651E1,5.461484120E1
1.111220458E1,-1.135987473E1,-2.069313049E1,-4.879780960E1,5.420773584E1
1.112225158E1,-1.152286911E1,-2.063140488E1,-4.892750931E1,5.433537105E1
1.113229858E1,-1.131639099E1,-2.084857178E1,-4.864962769E1,5.412494734E1
1.114234658E1,-1.147127151E1,-2.085318375E1,-4.868067169E1,5.418720457E1
1.115239358E1,-1.146078491E1,-2.087639236E1,-4.851750183E1,5.404739895E1
1.116244058E1,-1.146572495E1,-2.097393799E1,-4.857986069E1,5.414214428E1
1.117248858E1,-1.140290070E1,-2.128275681E1,-4.849979019E1,5.417759251E1
1.118253558E1,-1.140888214E1,-2.142193222E1,-4.848347473E1,5.421908422E1
1.119258258E1,-1.158282852E1,-2.139489746E1,-4.816297913E1,5.395902253E1
1.120262958E1,-1.154417801E1,-2.174754333E1,-4.815382767E1,5.408340601E1
1.121267758E1,-1.162530899E1,-2.184716415E1,-4.801994705E1,5.402186322E1
1.122272458E1,-1.180788040E1,-2.181832886E1,-4.796315765E1,5.399935190E1
1.123277158E1,-1.191552734E1,-2.188263702E1,-4.796452332E1,5.405020899E1
1.124281958E1,-1.215729904E1,-2.194981384E1,-4.770884705E1,5.390480808E1
1.125286658E1,-1.217961884E1,-2.214866257E1,-4.796140671E1,5.421441600E1
1.126291358E1,-1.235580444E1,-2.199110794E1,-4.781205368E1,5.405799857E1
1.127296158E1,-1.266010284E1,-2.199283218E1,-4.794898224E1,5.425004856E1
1.128300858E1,-1.279789352E1,-2.179130173E1,-4.775362015E1,5.402828099E1
1.129305558E1,-1.304847717E1,-2.150429535E1,-4.767796707E1,5.390627068E1
1.130310258E1,-1.325135803E1,-2.120811081E1,-4.802546310E1,5.414635316E1
1.131315058E1,-1.339603424E1,-2.081797791E1,-4.805991364E1,5.406105101E1
1.132319758E1,-1.355851746E1,-2.051724625E1,-4.840355301E1,5.429267661E1
1.133324458E1,-1.373156357E1,-2.011626816E1,-4.868787766E1,5.444014615E1
1.134329258E1,-1.375913620E1,-1.972445679E1,-4.870437241E1,5.431835708E1
1.135333958E1,-1.414558029E1,-1.921963882E1,-4.857415390E1,5.411968575E1
1.136338658E1,-1.429579163E1,-1.892504883E1,-4.886908340E1,5.432047905E1
1.137343458E1,-1.442806625E1,-1.873704529E1,-4.918260574E1,5.457265496E1
1.138348158E1,-1.454084778E1,-1.831659698E1,-4.922664642E1,5.449951098E1
1.139352858E1,-1.465581894E1,-1.794524384E1,-4.921239471E1,5.439379191E1
1.140357558E1,-1.487571716E1,-1.758588791E1,-4.939597321E1,5.450240897E1
1.141362358E1,-1.487980652E1,-1.730102921E1,-4.961002731E1,5.460667600E1
1.142367058E1,-1.500010681E1,-1.684162903E1,-4.960429764E1,5.449064155E1
1.143371758E1,-1.488439178E1,-1.653124619E1,-4.984603882E1,5.458438243E1
1.144376558E1,-1.488294983E1,-1.627902603E1,-4.981791687E1,5.448241666E1
1.145381258E1,-1.485961533E1,-1.600918198E1,-4.996255112E1,5.452851171E1
1.146385958E1,-1.478946686E1,-1.581159878E1,-5.015779495E1,5.463093794E1
1.147390758E1,-1.502859116E1,-1.543682384E1,-4.995375824E1,5.440158127E1
1.148395458E1,-1.500342560E1,-1.511099911E1,-5.009735107E1,5.443518769E1
1.149400158E1,-1.494367218E1,-1.483347988E1,-5.016006088E1,5.440015782E1
1.150404858E1,-1.496287155E1,-1.448003483E1,-5.024625397E1,5.438975061E1
1.151409658E1,-1.479692459E1,-1.438164616E1,-5.049146271E1,5.454510546E1
1.152414358E1,-1.452682114E1,-1.435851192E1,-5.043455124E1,5.441359532E1
1.153419058E1,-1.443870544E1,-1.438301754E1,-5.046869659E1,5.442827155E1
1.154423858E1,-1.430003357E1,-1.431303310E1,-5.056858063E1,5.446590882E1
1.155428558E1,-1.424473953E1,-1.411495495E1,-5.057060242E1,5.440156603E1
1.156433258E1,-1.408952713E1,-1.385497570E1,-5.080467224E1,5.451229080E1
1.157438058E1,-1.425804138E1,-1.348263836E1,-5.085584259E1,5.451045777E1
1.158442758E1,-1.409943771E1,-1.332742596E1,-5.122007751E1,5.477144116E1
1.159447458E1,-1.421044922E1,-1.277055836E1,-5.125388336E1,5.469903644E1
1.160452158E1,-1.411808395E1,-1.246656895E1,-5.123072052E1,5.458316921E1
1.161456958E1,-1.399069214E1,-1.204588032E1,-5.130462265E1,5.452528775E1
1.162461658E1,-1.407033157E1,-1.165501690E1,-5.143125916E1,5.458010689E1
1.163466358E1,-1.419666672E1,-1.129951763E1,-5.142363739E1,5.453086215E1
1.164471158E1,-1.402453995E1,-1.106282711E1,-5.163380432E1,5.463628477E1
1.165475858E1,-1.431716919E1,-1.075847721E1,-5.144667053E1,5.447463698E1
1.166480583E1,-1.455395508E1,-1.037765980E1,-5.155118942E1,5.456224484E1
1.167485383E1,-1.471645737E1,-1.021464062E1,-5.151261139E1,5.453862973E1
1.168490083E1,-1.449571228E1,-1.029929066E1,-5.162652206E1,5.460310287E1
1.169494783E1,-1.463153458E1,-1.032364368E1,-5.167832947E1,5.469286205E1
1.170499583E1,-1.475460434E1,-1.006148434E1,-5.170476532E1,5.470205273E1
1.171504283E1,-1.490076828E1,-9.912533760E0,-5.174569321E1,5.475315504E1
1.172508983E1,-1.509048462E1,-9.621758461E0,-5.146895218E1,5.449177920E1
1.173513683E1,-1.514434814E1,-9.592555046E0,-5.177397156E1,5.478971184E1
1.174518483E1,-1.537629700E1,-9.400811195E0,-5.153511429E1,5.459554712E1
1.175523183E1,-1.572202301E1,-9.234776497E0,-5.143797684E1,5.457406495E1
1.176527883E1,-1.595021057E1,-9.091439247E0,-5.139215851E1,5.457304684E1
1.177532683E1,-1.606365585E1,-8.972975731E0,-5.125341797E1,5.445611248E1
1.178537383E1,-1.607340240E1,-9.082728386E0,-5.134204102E1,5.456056630E1
1.179542083E1,-1.621693802E1,-8.990004539E0,-5.100678635E1,5.427247473E1
1.180546883E1,-1.640856171E1,-8.933333397E0,-5.124388123E1,5.454338370E1
1.181551583E1,-1.642658234E1,-9.127379417E0,-5.116980362E1,5.451137922E1
1.182556283E1,-1.668888092E1,-8.962889671E0,-5.087913895E1,5.429124163E1
1.183560983E1,-1.673741531E1,-8.760096550E0,-5.101085663E1,5.439657946E1
1.184565783E1,-1.671090317E1,-8.674031258E0,-5.095419312E1,5.432147733E1
1.185570483E1,-1.677337265E1,-8.616503716E0,-5.127283859E1,5.463052392E1
1.186575183E1,-1.675371933E1,-8.656292915E0,-5.124023438E1,5.460018441E1
1.187579983E1,-1.685108566E1,-8.685553551E0,-5.114858246E1,5.454883515E1
1.188584683E1,-1.672488403E1,-8.675923347E0,-5.125519180E1,5.460849823E1
1.189589383E1,-1.681288147E1,-8.657399178E0,-5.138957214E1,5.475866752E1
1.190594183E1,-1.669150162E1,-8.567975044E0,-5.144377899E1,5.475836758E1
1.191598883E1,-1.660226440E1,-8.531170845E0,-5.122649765E1,5.452128136E1
1.192603583E1,-1.660784912E1,-8.227395058E0,-5.114373398E1,5.439845776E1
1.193608383E1,-1.634089279E1,-7.720813751E0,-5.143176270E1,5.451478658E1
1.194613083E1,-1.608433151E1,-7.118043900E0,-5.155238342E1,5.447036355E1
1.195617783E1,-1.559873199E1,-6.845921516E0,-5.215461731E1,5.486612058E1
1.196622583E1,-1.535776138E1,-6.289162636E0,-5.220631409E1,5.478059540E1
1.197627283E1,-1.521284485E1,-6.159324646E0,-5.230144501E1,5.481613885E1
1.198631983E1,-1.514253998E1,-5.909783363E0,-5.241635132E1,5.487892074E1
1.199636783E1,-1.499895096E1,-5.796374321E0,-5.245851517E1,5.486767991E1
1.200641483E1,-1.496418762E1,-5.701745033E0,-5.264547729E1,5.502711229E1
1.201646183E1,-1.502736282E1,-5.571056366E0,-5.253451538E1,5.492479958E1
1.202650883E1,-1.525303268E1,-5.692513466E0,-5.229808426E1,5.477361895E1
1.203655683E1,-1.534988785E1,-5.904062271E0,-5.224927521E1,5.477648919E1
1.204660383E1,-1.564831161E1,-6.118557930E0,-5.221219635E1,5.484906431E1
1.205665083E1,-1.573675156E1,-6.508166313E0,-5.210618210E1,5.481838917E1
1.206669883E1,-1.566462708E1,-6.837066650E0,-5.204412460E1,5.477879998E1
1.207674583E1,-1.569277573E1,-7.043589592E0,-5.186859512E1,5.464637705E1
1.208679283E1,-1.557250214E1,-7.191093445E0,-5.199244308E1,5.474877885E1
1.209684083E1,-1.556479645E1,-7.295360565E0,-5.205207825E1,5.481700488E1
1.210688783E1,-1.520064926E1,-7.278818130E0,-5.235031128E1,5.499632735E1
1.211693483E1,-1.488554382E1,-7.117247581E0,-5.235390091E1,5.489230883E1
1.212698283E1,-1.425306702E1,-7.047858238E0,-5.256296921E1,5.491527981E1
1.213702983E1,-1.366479874E1,-6.991399765E0,-5.278216171E1,5.496874558E1
1.214707683E1,-1.305346298E1,-6.811950684E0,-5.282909012E1,5.484257772E1
1.215712483E1,-1.240214539E1,-6.856109619E0,-5.288022614E1,5.474612101E1
1.216717183E1,-1.184672165E1,-7.046051025E0,-5.307672882E1,5.483731203E1
1.217721883E1,-1.131359100E1,-7.112805367E0,-5.331874847E1,5.496797504E1
1.218726683E1,-1.086526108E1,-7.253780365E0,-5.336724091E1,5.494300347E1
1.219731383E1,-1.020761490E1,-7.441235542E0,-5.336229706E1,5.483705076E1
1.220736083E1,-9.757003784E0,-7.529638290E0,-5.350574875E1,5.490682767E1
1.221740883E1,-9.097137451E0,-7.754179955E0,-5.364208984E1,5.495779307E1
1.222745583E1,-8.715148926E0,-7.911265373E0,-5.375227356E1,5.502589257E1
1.223750283E1,-8.147644043E0,-7.875434875E0,-5.394369507E1,5.512103787E1
1.224755083E1,-7.711326599E0,-7.991971970E0,-5.395643234E1,5.508750099E1
1.225759783E1,-7.119636536E0,-8.210940361E0,-5.398255539E1,5.506564312E1
1.226764483E1,-6.737796783E0,-7.959404945E0,-5.385764313E1,5.485795982E1
1.227769183E1,-6.272735596E0,-7.694143295E0,-5.386467743E1,5.477180413E1
1.228773983E1,-5.628391266E0,-7.725788116E0,-5.403557968E1,5.487449737E1
1.229778683E1,-5.123191833E0,-7.858308792E0,-5.411441422E1,5.492148885E1
1.230783383E1,-4.685317993E0,-7.881387711E0,-5.400077438E1,5.477364431E1
1.231788183E1,-4.126609802E0,-8.062502861E0,-5.415281296E1,5.490500899E1
1.232792883E1,-3.937435150E0,-8.267855644E0,-5.415529251E1,5.492409798E1
1.233797583E1,-3.420593262E0,-8.642329216E0,-5.419565582E1,5.498690228E1
1.234802383E1,-3.194461823E0,-8.894299507E0,-5.425319672E1,5.507015983E1
1.235807083E1,-2.792789459E0,-9.196448326E0,-5.402680206E1,5.487503691E1
1.236811783E1,-2.676120758E0,-9.574784279E0,-5.401280975E1,5.492013960E1
1.237816583E1,-2.351547241E0,-9.841771126E0,-5.399143982E1,5.493146464E1
1.238821283E1,-2.287399292E0,-9.961497307E0,-5.410812759E1,5.506498975E1
1.239825983E1,-2.054065704E0,-1.012492657E1,-5.412322998E1,5.510042965E1
1.240830783E1,-1.829612732E0,-9.992812157E0,-5.400006104E1,5.494734179E1
1.241835483E1,-1.421508789E0,-1.017474270E1,-5.420881653E1,5.517374254E1
1.242840183E1,-1.265403748E0,-1.047235012E1,-5.394171143E1,5.496343871E1
1.243844983E1,-9.494514465E-1,-1.056843662E1,-5.412405014E1,5.515438436E1
1.244849683E1,-8.574333191E-1,-1.064177227E1,-5.402301025E1,5.506785038E1
1.245854383E1,-6.384544373E-1,-1.091026402E1,-5.384591675E1,5.494382800E1
1.246859183E1,-5.165977478E-1,-1.095692158E1,-5.386685181E1,5.497234511E1
1.247863883E1,-3.738594055E-1,-1.123181438E1,-5.379343796E1,5.495477588E1
1.248868583E1,-1.401176453E-1,-1.159820080E1,-5.375173950E1,5.498897521E1
1.249873383E1,-2.408027649E-1,-1.171331692E1,-5.362906265E1,5.489386250E1
1.250878083E1,-3.224029541E-1,-1.222623158E1,-5.361695099E1,5.499420074E1
1.251882783E1,-3.245468140E-1,-1.240796185E1,-5.365863037E1,5.507550691E1
1.252887583E1,-2.013931274E-1,-1.266768742E1,-5.340161133E1,5.488390434E1
1.253892283E1,-2.836341858E-1,-1.290962696E1,-5.328516769E1,5.482743850E1
1.254897083E1,-4.148674011E-1,-1.320929241E1,-5.327023315E1,5.488510965E1
1.255901783E1,-3.802299500E-1,-1.361287975E1,-5.312798309E1,5.484558011E1
1.256906483E1,-4.699363708E-1,-1.406384754E1,-5.301582336E1,5.485152846E1
1.257911183E1,-5.308685303E-1,-1.422262096E1,-5.283743286E1,5.472073720E1
1.258915983E1,-5.805854797E-1,-1.449186039E1,-5.287257004E1,5.482572170E1
1.259920683E1,-6.260108948E-1,-1.453303242E1,-5.285901260E1,5.482404704E1
1.260925383E1,-5.754737854E-1,-1.472394848E1,-5.266793442E1,5.469037525E1
1.261930183E1,-4.475975037E-1,-1.492039967E1,-5.274477386E1,5.481632822E1
1.262934883E1,-4.997940063E-1,-1.520670414E1,-5.263015747E1,5.478528197E1
1.263939683E1,-5.912475586E-1,-1.542973614E1,-5.221267319E1,5.444804471E1
1.264944383E1,-5.999870300E-1,-1.560558414E1,-5.229536057E1,5.457745851E1
1.265949083E1,-6.175575256E-1,-1.587522793E1,-5.255062103E1,5.489965401E1
1.266953900E1,-4.909019470E-1,-1.602893066E1,-5.240851974E1,5.480712130E1
1.267958600E1,-6.427497864E-1,-1.622489929E1,-5.249570465E1,5.494960865E1
1.268963300E1,-6.724128723E-1,-1.630183792E1,-5.225938797E1,5.474710668E1
1.269968100E1,-6.619567871E-1,-1.635274124E1,-5.234673309E1,5.484551758E1
1.270972800E1,-5.780410767E-1,-1.647728348E1,-5.243169403E1,5.496287421E1
1.271977500E1,-6.809349060E-1,-1.659284973E1,-5.233890152E1,5.491035373E1
1.272982300E1,-5.769233704E-1,-1.670223236E1,-5.224162292E1,5.484965426E1
1.273987000E1,-4.747314453E-1,-1.669302750E1,-5.216096115E1,5.476904605E1
1.274991700E1,-5.987319946E-1,-1.673513031E1,-5.197980881E1,5.461065455E1
1.275996500E1,-6.450805664E-1,-1.673392868E1,-5.208322525E1,5.470925745E1
1.277001200E1,-5.994682312E-1,-1.699733734E1,-5.206332016E1,5.477096078E1
1.278005900E1,-4.192199707E-1,-1.721706390E1,-5.191555023E1,5.469759950E1
1.279010700E1,-3.954277039E-1,-1.700088120E1,-5.197608185E1,5.468728745E1
1.280015400E1,-2.565841675E-1,-1.713747025E1,-5.199083328E1,5.474308602E1
1.281020100E1,-2.369689941E-1,-1.728115845E1,-5.196705246E1,5.476558347E1
1.282024900E1,-1.440238953E-1,-1.737540054E1,-5.212242126E1,5.494244339E1
1.283029600E1,-1.116676331E-1,-1.748860168E1,-5.213027954E1,5.498572272E1
1.284034300E1,5.466842651E-2,-1.774227142E1,-5.212157822E1,5.505860605E1
1.285039100E1,9.355926514E-2,-1.789058304E1,-5.212143707E1,5.510649614E1
1.286043800E1,1.617965698E-1,-1.808826065E1,-5.207881165E1,5.513088040E1
1.287048500E1,1.349105835E-1,-1.819809723E1,-5.171814346E1,5.482659306E1
1.288053300E1,2.934989929E-1,-1.827727890E1,-5.178642654E1,5.491793004E1
1.289058000E1,4.945373535E-1,-1.830820847E1,-5.179402924E1,5.493684127E1
1.290062700E1,4.212074280E-1,-1.826861191E1,-5.186152649E1,5.498670318E1
1.291067500E1,5.471801758E-1,-1.828704453E1,-5.205593872E1,5.517731563E1
1.292072200E1,5.996818542E-1,-1.852170181E1,-5.183095551E1,5.504417322E1
1.293077000E1,6.699447632E-1,-1.863106918E1,-5.179572296E1,5.504872825E1
1.294081700E1,7.406806946E-1,-1.857456207E1,-5.185572052E1,5.508701040E1
1.295086400E1,9.609031677E-1,-1.856355667E1,-5.174662781E1,5.498402005E1
1.296091200E1,9.474182129E-1,-1.873491669E1,-5.163233566E1,5.493444084E1
1.297095900E1,1.082935333E0,-1.888224792E1,-5.178983307E1,5.513527768E1
1.298100600E1,1.207073212E0,-1.908130646E1,-5.156374359E1,5.499429911E1
1.299105400E1,1.284736633E0,-1.906922150E1,-5.155329895E1,5.498207335E1
1.300110100E1,1.229347229E0,-1.919245911E1,-5.157992935E1,5.504862299E1
1.301114800E1,1.303424835E0,-1.935238266E1,-5.161772537E1,5.514166486E1
1.302119600E1,1.268768311E0,-1.916526794E1,-5.141962814E1,5.488984812E1
1.303124300E1,1.267593384E0,-1.918212509E1,-5.136171722E1,5.484146891E1
1.304129000E1,1.372871399E0,-1.938140106E1,-5.141944504E1,5.496801625E1
1.305133800E1,1.197277069E0,-1.940543747E1,-5.125230026E1,5.481608120E1
1.306138500E1,1.069099426E0,-1.942167664E1,-5.118036270E1,5.475193168E1
1.307143200E1,1.059047699E0,-1.960922623E1,-5.133324814E1,5.496131093E1
1.308148000E1,1.004508972E0,-1.971634674E1,-5.119524765E1,5.486981638E1
1.309152700E1,9.711265564E-1,-1.980977249E1,-5.115539169E1,5.486569304E1
1.310157400E1,8.884239197E-1,-2.014459991E1,-5.111825562E1,5.495152646E1
1.311162200E1,8.782806396E-1,-2.009824753E1,-5.101956177E1,5.484256206E1
1.312166900E1,7.680015564E-1,-2.009000015E1,-5.096028519E1,5.478273997E1
1.313171700E1,8.017845154E-1,-2.028829956E1,-5.095149231E1,5.484808589E1
1.314176400E1,6.294822693E-1,-2.045003510E1,-5.096166229E1,5.491530940E1
1.315181100E1,5.147628784E-1,-2.027689362E1,-5.097248459E1,5.485992691E1
1.316185900E1,4.559020996E-1,-2.020205307E1,-5.098102188E1,5.483972453E1
1.317190600E1,3.753585815E-1,-2.036513138E1,-5.097908401E1,5.489759992E1
1.318195300E1,3.344001770E-1,-2.041076279E1,-5.094601440E1,5.488358083E1
1.319200100E1,1.598777771E-1,-2.032083130E1,-5.086957932E1,5.477842500E1
1.320204800E1,7.846832275E-3,-2.032665253E1,-5.094781494E1,5.485301005E1
1.321209500E1,5.397033691E-2,-2.051905441E1,-5.057682037E1,5.458066751E1
1.322214300E1,7.838439941E-2,-2.063516235E1,-5.065920639E1,5.470074279E1
1.323219000E1,-2.318191528E-2,-2.068247604E1,-5.080212021E1,5.485089580E1
1.324223700E1,2.859115601E-2,-2.090079117E1,-5.061247635E1,5.475825646E1
1.325228500E1,7.759094238E-3,-2.097414780E1,-5.052045822E1,5.470129464E1
1.326233200E1,2.734375000E-2,-2.098007965E1,-5.040357971E1,5.459565310E1
1.327237900E1,1.355361938E-1,-2.119021988E1,-5.044061661E1,5.471105549E1
1.328242700E1,-2.620697021E-2,-2.121938705E1,-5.017103958E1,5.447381285E1
1.329247400E1,2.986907959E-2,-2.139542389E1,-5.058668137E1,5.492519811E1
1.330252200E1,1.034965515E-1,-2.133126831E1,-5.047437668E1,5.479686506E1
1.331256900E1,1.964645386E-1,-2.150756454E1,-5.038861084E1,5.478709733E1
1.332261600E1,4.511451721E-1,-2.158430862E1,-5.041139984E1,5.483972233E1
1.333266400E1,5.952186584E-1,-2.165709686E1,-5.009287262E1,5.457728481E1
1.334271100E1,7.347259521E-1,-2.160250473E1,-5.027790070E1,5.472728142E1
1.335275800E1,1.029922485E0,-2.193930054E1,-5.024208832E1,5.483302916E1
1.336280600E1,9.178199768E-1,-2.171777344E1,-5.023441696E1,5.473573535E1
1.337285300E1,1.042320251E0,-2.151346207E1,-5.011104584E1,5.454385755E1
1.338290000E1,1.387756348E0,-2.173958969E1,-5.014566422E1,5.467287506E1
1.339294800E1,1.402912140E0,-2.173675919E1,-5.016207504E1,5.468718895E1
1.340299500E1,1.647529602E0,-2.184554672E1,-5.014371490E1,5.472051178E1
1.341304200E1,1.694499969E0,-2.183201599E1,-5.016956711E1,5.474023855E1
1.342309000E1,1.768115997E0,-2.179006958E1,-5.021770477E1,5.476998484E1
1.343313700E1,1.817100525E0,-2.180839157E1,-5.010319901E1,5.467392750E1
1.344318400E1,1.917407990E0,-2.199980927E1,-5.011337662E1,5.476329589E1
1.345323200E1,2.001190186E0,-2.186794281E1,-5.024221420E1,5.483148523E1
1.346327900E1,2.252536774E0,-2.217613220E1,-5.007794952E1,5.481474063E1
1.347332600E1,2.344417572E0,-2.206516266E1,-5.009611511E1,5.479040469E1
1.348337400E1,2.462265015E0,-2.226179123E1,-4.992648697E1,5.472023573E1
1.349342100E1,2.640289307E0,-2.223097992E1,-5.011842728E1,5.489120466E1
1.350346900E1,2.827220917E0,-2.255841446E1,-4.999894714E1,5.492513046E1
1.351351600E1,2.930179596E0,-2.240306854E1,-4.968904114E1,5.458465207E1
1.352356300E1,2.927845001E0,-2.244005966E1,-4.972186279E1,5.462959082E1
1.353361100E1,3.111701965E0,-2.265519714E1,-4.963493729E1,5.464949813E1
1.354365800E1,3.186637878E0,-2.268459702E1,-4.961191940E1,5.464511094E1
1.355370500E1,3.108497620E0,-2.275304794E1,-4.943860626E1,5.451183117E1
1.356375300E1,3.239982605E0,-2.278932953E1,-4.938709641E1,5.448794655E1
1.357380000E1,3.334632874E0,-2.302621460E1,-4.953439713E1,5.472643633E1
1.358384700E1,3.416625977E0,-2.297149658E1,-4.938842392E1,5.457636307E1
1.359389500E1,3.478034973E0,-2.310930252E1,-4.919591904E1,5.446443831E1
1.360394200E1,3.511482239E0,-2.335618973E1,-4.895940399E1,5.435867314E1
1.361398900E1,3.507301331E0,-2.329637146E1,-4.913016510E1,5.448665166E1
1.362403700E1,3.597610474E0,-2.336647797E1,-4.930742264E1,5.468232823E1
1.363408400E1,3.531379700E0,-2.335044098E1,-4.930729675E1,5.467104581E1
1.364413200E1,3.613815308E0,-2.319864273E1,-4.934098053E1,5.464219107E1
1.365417900E1,3.630088806E0,-2.323715591E1,-4.932157516E1,5.464211504E1
1.366422533E1,3.458274841E0,-2.318751144E1,-4.916783524E1,5.447105996E1
1.367427333E1,3.434638977E0,-2.327066422E1,-4.893071365E1,5.429120828E1
1.368432033E1,3.459007263E0,-2.320357513E1,-4.900333405E1,5.432952584E1
1.369436733E1,3.535415649E0,-2.329667664E1,-4.927257919E1,5.461704282E1
1.370441533E1,3.534698486E0,-2.328986740E1,-4.925542831E1,5.459861935E1
1.371446233E1,3.644920349E0,-2.329336548E1,-4.929363251E1,5.464182030E1
1.372450933E1,3.716056824E0,-2.342105484E1,-4.921935272E1,5.463423442E1
1.373455733E1,3.652976990E0,-2.337719345E1,-4.911960602E1,5.452130877E1
1.374460433E1,3.572151184E0,-2.355736923E1,-4.923943329E1,5.470129523E1